Age,Annual_Income,Time_on_Site_Minutes,Previous_Purchases,Credit_Score,Account_Age_Months,Product_Interest_Score,Monthly_Visits,Cart_Abandon_Rate,Email_Engagement_Score,Will_Purchase
56,20000,84.1,6,583,61,4.0,3,0.15,8.1,0
69,54069,6.9,4,666,10,2.1,7,0.1,84.4,0
46,34872,8.9,6,594,31,3.6,2,0.32,29.3,0
32,21554,19.2,2,763,60,2.8,3,0.46,65.5,0
60,37068,32.6,5,733,70,1.8,3,0.6,4.0,0
25,28369,13.5,2,728,17,7.4,5,0.1,61.0,0
38,83742,7.5,3,500,50,2.5,6,0.31,71.7,0
56,67632,8.0,6,657,37,4.5,9,0.25,36.9,0
36,49840,17.8,6,644,82,3.9,6,0.31,21.5,0
40,79598,1.0,5,623,62,9.8,7,0.41,53.8,1
28,51547,14.5,4,666,90,3.9,2,0.21,83.3,1
28,32774,6.6,3,609,113,0.8,2,0.57,32.4,0
41,80462,23.7,1,717,118,0.9,8,0.47,25.2,0
53,60778,1.5,4,761,80,5.9,8,0.28,27.9,0
57,29255,13.3,3,754,72,6.0,8,0.34,94.9,0
41,46193,9.8,4,688,88,4.2,7,0.08,35.9,0
20,32487,15.4,2,850,77,4.3,6,0.08,0.4,0
39,22344,1.0,2,791,29,0.5,2,0.09,78.2,0
19,68523,13.0,4,691,32,5.2,7,0.29,69.9,0
41,88188,12.4,4,661,88,5.0,6,0.38,12.9,0
61,22028,12.3,1,807,80,1.5,5,0.07,98.5,0
47,61259,13.9,2,780,11,1.0,6,0.23,60.8,0
55,36987,16.9,4,587,96,1.2,4,0.09,50.1,0
19,40257,24.5,2,786,6,1.0,4,0.27,38.2,0
38,38152,4.7,3,687,35,6.1,4,0.21,89.9,0
50,32720,26.1,5,631,33,2.0,5,0.32,24.4,0
29,50970,10.3,2,541,18,2.5,4,0.33,28.6,0
39,33380,1.2,2,678,37,1.7,7,0.37,12.2,0
61,55409,1.0,2,699,13,9.6,2,0.2,75.9,0
42,48995,6.1,2,826,74,8.5,4,0.43,59.6,1
66,45221,23.0,4,776,101,2.3,1,0.11,60.9,1
44,31848,18.4,2,653,90,3.3,6,0.21,21.8,0
59,38464,23.3,2,731,110,2.1,1,0.2,65.1,0
45,65107,10.9,3,766,81,4.9,6,0.25,76.5,0
33,60018,8.7,2,706,64,0.2,6,0.16,35.8,0
32,30448,2.4,2,653,1,6.7,0,0.78,80.1,1
64,51986,6.0,2,657,63,5.2,6,0.22,34.9,0
68,65027,8.5,5,730,89,9.0,1,0.08,75.8,1
61,20000,1.4,4,733,34,1.6,4,0.15,3.4,0
69,60867,3.7,4,676,103,8.0,6,0.15,55.1,0
20,36747,13.7,4,500,10,7.9,7,0.24,97.0,0
54,61411,20.0,4,596,84,1.3,6,0.2,98.1,0
68,34734,96.1,4,749,7,4.0,3,0.15,28.2,1
24,20000,40.6,0,529,56,1.7,7,0.56,44.1,0
38,20000,15.4,1,794,80,2.5,6,0.16,6.3,0
26,50961,8.2,4,782,37,2.6,5,0.33,87.3,0
56,55194,15.2,1,703,29,5.6,7,0.3,56.9,0
35,31913,23.1,4,747,12,4.1,4,0.32,38.5,0
21,62771,1.9,1,742,17,9.5,7,0.22,11.3,0
42,20000,7.9,2,690,48,1.3,1,0.23,94.7,0
31,48678,27.5,2,590,84,9.7,2,0.47,53.0,0
67,25779,7.3,1,777,26,2.3,2,0.18,28.3,0
26,36963,12.7,4,812,112,7.7,6,0.29,35.0,0
43,50947,13.3,7,603,83,3.4,8,0.29,27.1,0
19,32791,3.1,3,587,111,1.4,6,0.35,60.2,0
37,42308,6.7,4,689,12,8.6,0,0.55,93.0,0
45,70125,6.1,5,649,21,3.1,10,0.12,85.7,1
64,38462,1.0,3,711,42,6.6,2,0.32,46.0,0
24,66713,1.0,2,796,61,5.7,5,0.29,82.6,1
61,27405,26.7,3,520,58,4.7,8,0.54,42.3,0
25,60596,4.8,2,826,54,5.0,5,0.34,25.2,0
64,78831,10.9,2,667,34,7.3,4,0.28,98.3,0
52,20000,5.3,4,740,7,0.9,3,0.41,30.4,0
31,34062,42.4,1,749,109,6.7,7,0.2,32.4,0
34,61541,4.5,5,758,35,9.0,7,0.3,99.0,0
53,45939,8.4,2,704,15,0.6,3,0.22,13.4,0
67,57422,30.9,3,723,65,1.4,3,0.5,76.1,1
57,37920,27.7,6,723,90,7.2,2,0.1,93.6,1
21,51731,3.1,3,649,99,4.4,2,0.36,51.2,0
19,46886,24.3,3,559,25,4.0,7,0.51,0.3,0
23,73355,9.2,7,602,106,1.4,4,0.26,37.5,1
59,55088,9.9,3,691,59,5.1,1,0.38,11.2,1
21,56752,2.1,1,637,79,1.3,3,0.05,41.6,0
46,41762,1.3,0,637,86,4.8,10,0.41,79.0,0
35,40247,19.5,3,843,6,7.6,3,0.46,43.9,0
43,41348,10.3,1,768,52,2.6,6,0.25,43.2,0
61,57889,8.6,2,679,79,4.8,4,0.26,55.7,0
51,41580,19.6,1,753,88,9.9,5,0.29,58.2,0
27,55795,21.8,3,666,21,6.9,3,0.15,85.6,0
53,91508,2.6,1,708,71,8.4,7,0.14,30.8,0
31,67422,14.1,2,735,93,4.1,5,0.45,82.2,0
48,43479,2.2,4,666,96,7.7,2,0.21,56.6,0
65,74024,20.9,3,645,32,0.4,6,0.28,30.1,0
32,41838,16.0,4,797,53,1.2,3,0.02,29.5,1
25,20000,47.1,2,749,59,2.0,2,0.2,36.1,0
31,29838,1.1,2,519,69,4.0,7,0.04,62.3,0
40,20000,1.0,3,646,62,8.5,6,0.2,23.1,0
57,42969,5.0,1,637,4,3.5,3,0.2,92.0,0
38,50368,4.6,2,650,86,6.5,5,0.28,57.5,0
33,83528,4.3,4,768,18,7.1,7,0.16,92.0,1
62,56538,35.5,6,701,99,5.9,4,0.56,4.6,0
35,45617,4.3,4,588,81,3.6,4,0.15,34.3,0
64,66588,4.8,1,669,114,5.8,3,0.13,2.3,0
41,20000,21.4,4,743,114,3.4,6,0.47,27.2,0
43,54712,9.0,4,682,56,0.8,4,0.28,86.2,1
42,65417,22.5,1,648,24,9.9,5,0.74,3.7,0
62,20428,1.0,5,726,66,1.3,7,0.17,43.6,0
58,72875,10.0,2,829,13,0.7,4,0.16,11.8,0
46,56769,1.0,1,736,62,8.8,3,0.05,41.7,0
32,41694,1.0,4,804,54,3.0,1,0.22,83.9,0
62,62655,35.5,3,653,15,6.5,5,0.27,62.3,0
18,95413,2.2,3,699,69,3.3,8,0.06,73.7,1
42,53637,11.4,6,697,3,3.9,5,0.31,34.9,0
24,54964,7.9,4,709,37,2.6,5,0.18,94.4,0
26,40812,6.4,9,735,37,3.4,3,0.21,70.9,1
41,33003,34.5,3,626,101,4.1,3,0.25,42.2,0
18,66606,1.0,2,751,3,7.2,6,0.28,42.6,0
61,32878,16.4,3,569,63,5.1,5,0.11,91.9,0
25,51431,49.6,2,593,35,9.4,7,0.19,57.6,0
41,40446,12.3,5,850,52,0.4,6,0.28,70.6,0
28,59579,41.4,4,659,87,5.0,8,0.38,41.7,0
68,56673,1.0,3,758,28,5.8,8,0.3,22.4,0
34,70750,8.1,5,835,94,9.2,8,0.23,72.4,1
25,39799,4.5,3,514,18,0.5,9,0.13,60.8,0
52,44602,19.7,1,790,116,5.7,5,0.58,50.1,0
52,30424,59.7,3,751,36,8.5,3,0.67,62.4,0
50,41114,4.4,7,831,33,2.4,4,0.12,20.8,0
22,57546,15.9,3,605,64,8.8,5,0.25,79.4,0
59,65139,3.3,2,816,26,0.2,6,0.67,94.8,0
56,31556,12.5,5,640,48,7.3,7,0.19,89.1,1
58,67392,9.4,2,784,40,9.3,4,0.35,32.1,0
45,77112,53.6,4,697,17,6.6,6,0.34,40.6,0
24,58268,14.1,1,761,40,4.4,13,0.32,80.8,1
26,87535,6.5,3,703,7,0.4,3,0.57,59.5,0
25,34524,1.8,8,552,57,9.2,7,0.28,54.8,0
29,25106,2.5,3,500,8,4.7,7,0.23,92.7,0
51,20000,3.8,5,716,117,0.3,2,0.29,53.6,0
50,79920,4.3,6,678,56,6.9,5,0.23,51.5,1
65,63087,28.5,5,731,31,4.8,2,0.4,4.2,1
40,48888,12.4,4,679,59,1.2,4,0.1,6.9,0
41,55599,11.1,3,850,58,2.1,3,0.17,0.7,0
54,27490,1.8,4,718,12,0.6,3,0.25,91.3,0
52,98915,29.5,0,664,48,5.7,1,0.36,40.8,1
61,52584,19.2,8,726,31,6.2,7,0.19,46.9,1
57,52187,1.1,2,665,108,5.1,4,0.38,84.5,0
39,64515,18.5,4,707,83,8.2,9,0.22,60.9,1
44,59620,11.8,0,602,63,8.6,4,0.69,61.0,0
52,54477,1.3,1,699,74,6.2,6,0.31,29.7,0
18,34190,9.2,7,661,39,0.1,3,0.59,83.4,0
52,59429,9.9,4,610,76,7.0,8,0.35,16.6,0
54,87640,2.7,5,850,20,4.2,6,0.11,5.3,1
64,76908,43.7,1,613,101,5.7,5,0.11,19.2,0
31,81863,28.5,5,700,48,6.5,3,0.24,26.8,0
20,39775,16.6,1,635,105,3.5,11,0.44,28.2,0
18,30207,9.3,2,723,71,9.2,7,0.18,67.1,0
22,47484,8.0,1,598,116,1.3,6,0.07,21.8,0
43,51114,15.8,4,767,54,6.7,6,0.61,67.7,0
31,71883,11.8,3,850,78,0.0,6,0.1,9.1,0
56,20000,1.0,1,632,75,9.2,6,0.26,14.7,0
44,80591,10.8,3,797,71,1.1,5,0.25,50.9,0
26,46839,24.6,2,669,29,0.9,8,0.05,92.2,0
32,41462,9.2,2,820,74,3.3,6,0.36,86.0,0
32,29757,1.0,1,850,93,3.7,8,0.16,96.9,0
43,20000,23.1,3,681,73,2.1,13,0.1,65.0,0
59,66463,3.4,2,578,100,5.9,4,0.68,67.6,0
30,51466,4.5,3,775,48,4.4,1,0.47,62.5,0
68,24200,2.7,3,717,74,0.3,4,0.25,62.3,0
49,24098,6.0,5,740,83,3.2,2,0.62,14.7,0
56,43284,21.2,6,672,56,8.1,7,0.09,54.4,0
66,83380,11.0,3,629,95,6.9,4,0.21,38.6,0
69,44808,3.4,5,792,17,7.2,5,0.3,44.3,0
49,20000,31.5,2,725,9,7.0,8,0.43,52.4,0
21,45085,31.8,2,584,109,3.1,6,0.32,12.8,0
47,44545,30.7,4,754,97,1.0,5,0.21,35.9,0
54,20000,4.1,3,738,34,2.7,2,0.07,6.3,0
40,48914,9.0,2,673,45,8.3,6,0.27,98.0,1
56,45381,63.0,1,829,88,9.8,5,0.14,11.9,0
62,63924,22.2,5,650,9,4.9,6,0.1,25.9,0
32,86979,1.0,3,686,7,0.1,3,0.3,89.1,0
60,72531,1.0,4,761,16,1.4,6,0.26,48.3,0
46,44622,9.4,1,706,19,3.2,6,0.18,13.6,0
53,27869,36.0,3,589,103,5.8,4,0.56,38.4,0
30,101467,11.6,4,714,6,0.8,7,0.32,11.6,0
49,51184,10.3,2,666,114,9.4,4,0.09,20.0,0
24,50278,1.7,2,768,115,3.7,0,0.21,5.2,0
68,49517,16.0,2,712,11,9.1,9,0.59,43.8,0
39,53961,25.9,4,707,76,7.8,1,0.44,80.7,0
45,47112,7.2,5,616,61,7.6,6,0.73,58.6,0
19,38526,22.4,2,681,42,6.1,4,0.31,60.6,0
59,39062,50.1,2,777,13,6.3,5,0.32,20.1,1
62,49344,3.4,4,637,12,6.4,6,0.2,34.4,0
23,39131,11.1,0,697,85,6.3,8,0.38,84.5,0
45,35743,5.1,3,625,74,5.5,4,0.14,8.8,0
45,52128,23.6,0,605,20,9.9,5,0.06,85.8,0
61,44900,12.9,2,693,50,7.3,10,0.38,48.4,0
61,80079,15.1,2,713,36,7.8,5,0.53,83.7,0
37,20000,24.0,1,850,92,8.7,7,0.13,31.8,0
47,71830,7.6,4,663,88,2.2,6,0.17,33.9,0
28,74921,37.0,5,695,69,0.8,4,0.32,75.2,1
45,20000,11.4,1,599,37,4.8,3,0.61,78.5,0
42,43146,2.6,4,748,12,5.1,5,0.04,23.0,0
56,42571,17.9,0,731,99,8.3,4,0.09,97.3,1
50,21849,23.6,6,819,40,4.4,4,0.36,8.4,0
18,34443,5.7,5,788,54,5.7,5,0.33,6.9,1
44,27788,29.2,1,728,2,5.3,2,0.03,59.6,0
69,85045,35.5,5,662,50,0.4,7,0.34,72.3,1
30,68713,4.9,1,716,41,6.2,3,0.22,96.1,1
58,75431,61.6,4,691,45,8.3,5,0.14,40.5,0
20,64433,2.3,2,776,103,1.6,6,0.09,2.5,0
56,27418,3.4,1,766,106,5.9,8,0.2,60.3,0
23,39509,3.1,3,676,9,5.9,5,0.31,29.0,0
25,59787,33.7,3,583,62,1.6,3,0.29,43.3,0
44,25557,15.9,6,806,86,1.2,3,0.44,48.8,1
26,64259,2.5,0,746,47,9.8,5,0.16,6.5,0
54,45193,8.7,3,674,5,3.9,7,0.28,48.6,1
50,42503,14.3,5,743,76,2.3,5,0.59,42.6,0
68,64219,1.3,1,705,1,1.7,5,0.08,71.3,0
59,58885,32.1,3,805,44,6.7,10,0.26,64.6,0
61,42780,24.4,4,545,22,6.1,2,0.24,18.5,0
41,73186,10.6,2,668,38,6.4,6,0.25,20.6,1
32,28378,51.2,3,827,115,0.9,7,0.15,25.1,0
49,62318,8.1,7,745,19,8.9,4,0.23,17.9,0
49,61862,62.1,1,841,80,3.9,11,0.54,65.7,0
41,43809,16.5,3,602,31,3.1,5,0.41,99.4,0
58,56522,15.1,3,785,115,4.6,4,0.59,65.2,0
69,24977,2.7,1,780,67,3.9,1,0.44,60.7,1
66,68480,32.0,1,565,87,8.6,11,0.25,41.0,1
66,46301,8.4,2,676,42,9.3,3,0.26,31.3,0
69,39545,2.7,2,691,82,3.0,2,0.54,91.1,0
29,70980,1.0,6,570,26,8.6,7,0.13,96.9,1
56,35913,12.3,1,678,13,7.8,5,0.2,49.7,0
19,21830,11.2,3,769,58,9.3,1,0.33,29.0,0
20,20000,19.1,3,668,18,2.5,6,0.22,77.0,0
66,62120,33.1,4,719,67,5.8,4,0.28,13.2,0
54,24391,1.2,2,719,87,2.7,9,0.19,76.6,0
66,85095,19.7,3,699,3,8.2,4,0.23,81.9,1
34,20000,3.1,4,643,55,0.1,9,0.1,12.5,0
66,83929,29.3,2,752,89,5.6,5,0.22,97.7,0
19,54220,25.6,3,573,91,3.4,2,0.28,98.6,0
19,48065,11.7,2,700,58,3.2,8,0.22,93.7,0
45,39101,18.6,4,810,108,6.4,2,0.14,49.6,1
40,57982,5.7,1,664,63,8.5,7,0.24,24.6,0
54,49247,9.6,3,641,91,6.1,9,0.16,58.2,0
49,72066,25.9,5,758,52,8.5,3,0.12,42.0,1
50,52284,9.2,2,713,103,2.6,3,0.38,20.6,0
18,53006,6.6,4,759,89,5.2,6,0.08,42.4,1
36,42727,10.2,2,703,24,4.5,7,0.2,66.4,0
19,48861,26.4,1,508,72,0.1,2,0.29,7.1,0
61,56156,6.1,3,794,9,5.6,9,0.35,33.3,1
43,20000,2.9,4,850,110,6.6,5,0.68,1.8,0
49,23036,18.7,7,802,37,5.9,5,0.34,74.9,1
23,64865,26.2,4,500,94,7.4,3,0.08,64.1,0
49,53417,1.6,6,736,117,5.7,6,0.37,6.3,0
21,46320,4.1,4,662,83,0.7,6,0.45,96.5,0
28,50368,2.3,1,613,53,1.2,4,0.27,2.3,0
34,56951,6.4,1,709,80,6.0,6,0.23,59.0,0
55,39204,9.0,7,688,24,2.7,8,0.28,77.6,1
41,34433,20.7,4,740,108,0.8,4,0.36,78.8,0
22,53916,15.8,3,704,21,4.3,6,0.42,3.4,1
69,30432,14.6,3,610,100,5.5,4,0.26,90.6,0
51,58165,6.5,3,653,40,3.3,9,0.39,91.8,0
23,20000,27.6,3,640,103,7.2,5,0.07,56.1,0
39,70583,9.6,1,562,111,6.4,7,0.17,48.2,0
28,59451,58.0,1,590,62,3.3,2,0.19,4.5,0
65,55120,15.1,3,683,70,7.5,4,0.09,56.2,1
33,69653,2.0,0,813,69,6.5,4,0.28,40.9,0
50,83309,16.9,3,657,14,6.4,7,0.33,77.3,0
26,70287,5.9,3,639,117,5.5,3,0.52,40.4,0
23,20000,17.4,0,605,109,0.1,4,0.27,68.4,0
33,24408,1.1,2,702,42,7.0,3,0.37,10.1,0
46,37503,2.9,1,794,50,3.8,3,0.36,13.3,0
20,50521,29.0,2,850,61,9.4,2,0.22,14.0,0
37,60353,3.9,4,722,4,8.2,10,0.32,4.6,0
53,35485,27.2,4,711,72,5.9,3,0.13,54.1,0
36,53735,4.9,1,656,88,2.5,2,0.48,79.4,0
43,34892,15.4,3,669,75,2.0,6,0.53,61.0,0
20,37769,17.8,3,750,17,3.4,4,0.34,57.5,0
36,21866,10.8,2,674,114,4.8,6,0.36,68.1,0
37,31535,5.5,2,687,85,3.0,2,0.12,34.0,0
49,22966,3.6,3,697,57,5.1,4,0.44,36.2,0
24,30482,1.0,2,652,90,1.7,9,0.22,31.4,0
69,71072,5.4,3,694,107,9.8,10,0.38,71.2,0
58,31012,15.9,2,538,48,1.1,5,0.23,16.2,0
50,102647,41.8,1,743,44,9.3,2,0.29,1.3,0
57,59866,30.7,0,850,45,9.1,3,0.27,59.6,0
56,53696,21.8,3,655,91,5.3,7,0.11,94.2,1
35,32832,23.3,4,729,80,7.2,6,0.57,60.9,0
57,64006,16.4,4,768,119,4.4,4,0.27,78.3,0
18,38487,4.5,3,802,90,6.3,2,0.41,67.3,1
28,52440,35.7,3,678,117,3.4,7,0.32,49.7,1
45,101201,16.7,6,555,33,3.0,6,0.09,71.8,0
42,48078,12.3,4,721,31,5.8,7,0.06,82.4,1
67,72985,1.8,4,710,112,5.0,7,0.04,22.5,1
40,35936,8.9,5,672,47,5.8,3,0.16,33.6,0
48,49300,9.3,1,689,6,2.9,3,0.2,22.4,0
47,85416,30.0,4,711,108,3.7,4,0.2,45.2,0
59,37460,11.9,2,728,72,0.8,5,0.42,88.5,0
52,86248,7.2,4,725,71,0.5,2,0.21,34.5,1
24,64155,56.5,5,682,34,2.5,4,0.03,37.4,0
33,38750,1.8,2,730,108,0.7,7,0.19,86.0,0
43,62648,8.2,4,677,53,1.0,5,0.04,51.5,0
65,69451,1.0,1,751,14,8.1,6,0.41,53.5,0
69,62436,20.2,2,649,16,0.4,4,0.68,86.1,0
66,20000,37.5,4,705,43,6.6,9,0.29,49.1,0
19,35457,4.9,1,570,116,2.7,2,0.39,68.2,0
18,45049,29.3,1,670,73,8.7,6,0.18,8.6,0
65,48511,5.2,0,745,74,4.8,4,0.25,17.9,0
29,62413,36.2,3,617,81,3.1,3,0.19,40.4,0
22,53554,21.0,3,674,12,5.2,6,0.62,49.5,0
54,23293,24.5,4,507,70,3.8,7,0.34,96.6,0
49,57603,1.0,2,590,19,5.6,8,0.03,97.1,0
26,62211,49.4,3,611,107,1.1,9,0.22,85.1,1
58,61195,19.5,6,708,41,10.0,5,0.25,31.6,1
52,71615,5.5,2,726,53,4.3,4,0.34,96.4,0
36,66678,26.5,2,695,29,3.5,3,0.27,68.9,0
65,59183,5.0,2,669,70,7.1,7,0.24,39.3,0
33,48596,30.9,4,669,59,3.6,4,0.33,70.2,0
20,20000,1.8,1,757,89,8.3,8,0.35,1.7,0
37,58592,18.2,4,717,64,4.5,8,0.34,14.6,0
41,54153,11.7,3,673,24,7.2,1,0.34,83.0,0
50,55431,1.5,3,803,89,1.1,5,0.1,64.6,1
41,24465,4.2,5,850,16,8.5,4,0.41,36.4,0
69,28378,1.0,3,600,52,7.4,3,0.25,50.1,0
28,71063,9.5,1,741,80,2.1,2,0.36,90.5,0
66,49208,5.4,1,850,6,1.5,8,0.27,63.2,0
25,63630,13.7,3,722,37,3.2,8,0.33,39.8,0
53,50566,5.3,5,709,85,9.8,3,0.39,12.0,1
55,50595,5.3,4,695,4,2.6,4,0.09,29.4,1
57,68765,20.4,2,739,98,4.6,12,0.19,97.8,0
37,39679,1.0,7,760,92,0.3,3,0.16,43.7,0
52,51922,35.0,0,600,38,4.0,3,0.05,47.2,0
65,40754,28.7,4,697,41,5.7,4,0.32,49.9,1
42,41310,16.5,2,518,92,9.5,3,0.08,88.4,1
52,43816,13.5,3,683,81,5.2,4,0.58,60.4,0
42,54442,33.4,1,627,14,8.2,6,0.62,69.4,0
46,40425,3.1,3,727,71,5.5,4,0.11,38.9,0
35,75115,1.2,1,567,86,0.4,3,0.3,2.9,0
63,32107,4.1,3,659,51,3.2,8,0.34,93.1,0
35,46262,23.7,6,777,65,5.8,2,0.33,94.9,1
19,41205,1.0,3,645,93,9.5,3,0.33,94.9,0
52,78939,13.1,2,547,52,8.6,7,0.6,94.4,0
33,53931,80.8,1,720,95,2.3,3,0.34,81.5,0
58,70636,29.0,4,653,30,2.2,7,0.17,68.5,0
53,20288,11.1,4,685,57,2.0,5,0.33,84.5,0
50,55341,1.0,3,641,79,9.2,2,0.26,60.1,0
21,67792,26.7,1,850,82,8.5,9,0.11,13.4,0
50,51645,13.7,4,575,99,7.7,4,0.11,39.1,0
31,71309,1.8,2,850,114,3.9,3,0.25,97.1,1
38,39654,1.5,4,668,30,5.0,1,0.41,35.1,0
65,78186,36.1,1,714,98,4.6,2,0.26,86.8,0
37,95977,16.6,5,654,42,2.5,6,0.53,9.3,1
25,42743,26.5,3,650,11,5.1,10,0.45,33.4,0
24,41089,31.7,1,637,27,0.3,6,0.3,35.1,0
20,79067,12.7,2,748,24,1.3,6,0.46,5.2,0
34,81591,10.9,1,587,99,8.9,2,0.34,11.9,0
50,39542,8.4,5,729,39,7.5,4,0.39,19.3,0
65,41596,5.7,1,525,72,4.2,5,0.02,83.8,0
29,44364,8.6,3,721,115,5.2,8,0.13,6.3,0
68,23110,22.3,2,767,18,3.7,5,0.34,29.9,0
39,31626,13.8,3,598,77,7.4,3,0.17,1.0,0
39,29917,33.5,2,754,45,7.8,1,0.28,69.6,0
63,34644,8.8,5,704,88,7.6,7,0.35,62.0,1
47,49306,14.0,4,827,115,7.2,7,0.43,64.5,0
55,54684,15.0,5,631,87,2.0,4,0.02,37.4,0
55,81010,13.4,2,850,12,3.4,4,0.47,20.8,0
62,30032,18.2,3,508,49,4.7,4,0.3,72.0,0
68,69686,4.1,2,673,94,3.3,9,0.14,81.1,0
25,45720,10.8,1,564,31,7.5,1,0.26,13.9,0
44,49010,1.7,3,848,92,3.3,3,0.41,48.7,0
44,63496,7.3,1,679,22,1.4,4,0.12,24.9,0
51,27545,10.0,7,686,44,4.0,3,0.45,16.8,0
38,57648,15.8,6,735,92,9.8,3,0.52,73.4,1
47,53329,45.1,3,699,64,2.3,8,0.25,53.8,1
50,59849,13.8,4,652,77,6.1,11,0.13,21.6,1
45,55783,20.4,1,599,25,4.3,4,0.18,31.0,0
64,99106,10.6,1,713,108,0.7,2,0.33,96.7,0
50,37245,15.1,2,730,51,4.9,3,0.28,84.9,1
22,39380,1.1,3,755,110,7.0,4,0.35,88.0,0
65,37537,4.4,3,850,7,5.1,2,0.34,46.0,0
36,38890,6.7,1,526,109,8.7,7,0.31,62.4,0
21,37252,9.6,4,694,6,2.9,2,0.38,37.7,0
52,73780,1.0,1,795,24,0.9,11,0.18,7.8,0
66,78410,2.3,3,690,19,9.4,5,0.6,40.1,0
34,38585,4.9,3,512,83,3.8,5,0.26,59.4,0
61,33352,53.4,1,596,100,5.8,4,0.5,28.7,0
45,59428,6.0,2,726,115,7.9,4,0.37,84.8,0
47,38955,9.9,4,723,9,3.2,4,0.19,15.1,0
46,62658,3.3,2,753,112,7.2,3,0.32,36.7,0
63,54058,14.2,0,637,36,1.4,5,0.3,12.5,0
23,20000,4.9,4,720,102,2.9,9,0.26,40.5,0
52,80950,3.5,0,624,40,1.4,5,0.57,4.0,0
58,85917,10.9,2,720,93,8.1,2,0.19,27.3,0
54,37744,1.0,5,704,24,2.2,6,0.42,40.1,0
41,42245,1.0,1,634,48,7.2,7,0.41,47.8,0
46,55717,3.7,5,824,63,9.4,5,0.27,54.4,0
66,56689,1.0,4,563,69,5.3,7,0.08,27.5,0
63,63170,1.7,4,688,53,5.4,7,0.38,52.3,0
48,90204,6.2,3,632,54,4.6,8,0.22,50.9,1
52,46461,24.3,6,846,42,3.3,7,0.1,31.6,0
50,34034,12.7,2,747,119,4.8,3,0.33,83.0,0
69,22413,10.8,4,648,45,6.0,4,0.1,54.6,0
38,35381,5.2,2,677,90,9.9,4,0.33,33.2,0
49,49337,40.3,5,848,14,9.4,3,0.41,94.7,1
40,85891,7.6,3,624,103,8.6,7,0.21,84.5,1
50,39647,1.4,3,558,29,8.9,7,0.52,98.3,0
20,54475,14.4,3,723,116,4.7,3,0.23,69.2,0
35,49671,1.8,1,725,6,6.6,7,0.64,37.8,0
42,73767,6.4,3,753,7,9.0,8,0.18,28.1,0
59,100538,10.6,6,753,37,3.9,3,0.47,66.3,0
48,39382,31.1,3,841,53,9.6,4,0.34,98.1,0
20,40211,10.2,1,562,18,4.2,7,0.17,62.7,0
57,70883,18.2,3,603,87,6.0,1,0.26,88.2,0
63,63637,74.0,3,752,108,7.1,4,0.03,32.9,1
41,86934,2.1,2,611,38,9.5,2,0.2,40.7,1
67,61678,4.8,3,583,59,2.4,2,0.28,90.6,0
49,42814,7.5,0,849,1,7.5,5,0.19,75.7,0
64,61813,8.2,8,570,68,5.2,6,0.09,98.1,0
39,72174,7.9,1,671,115,2.7,5,0.3,77.5,0
40,66409,35.7,1,695,44,7.8,4,0.19,44.9,0
19,60145,18.8,3,804,47,5.5,5,0.3,53.1,0
44,71333,14.0,2,550,35,6.6,7,0.29,90.1,0
59,73385,5.6,2,733,87,3.2,4,0.63,55.2,0
19,77643,26.0,3,628,91,4.8,2,0.71,25.5,0
43,62974,46.5,4,750,60,6.2,9,0.47,43.6,0
34,46657,25.8,3,627,90,4.0,4,0.48,51.6,0
57,52934,1.0,7,825,52,2.0,3,0.43,9.7,0
50,74130,15.2,3,627,8,9.6,4,0.48,74.4,0
26,33661,1.0,3,503,107,5.1,4,0.62,10.9,0
60,57373,4.5,3,636,80,7.3,6,0.09,40.5,0
65,42133,1.0,5,679,41,4.1,4,0.26,80.5,0
56,50574,13.9,5,786,3,3.6,6,0.33,46.8,0
46,75569,17.4,4,599,96,4.1,9,0.63,84.2,1
59,53821,1.8,4,600,69,4.1,3,0.27,34.2,0
43,50928,7.3,2,776,84,5.4,3,0.08,95.8,1
52,22802,9.1,6,589,14,5.4,8,0.4,20.9,0
67,64925,6.9,3,685,96,5.0,6,0.03,3.8,0
42,62909,1.9,2,687,26,1.3,1,0.09,87.2,0
41,93265,8.1,6,717,111,5.0,7,0.52,75.2,0
30,43844,20.9,4,640,70,1.7,5,0.21,23.2,0
24,54383,1.1,3,625,58,1.3,7,0.19,98.5,0
53,54987,1.3,3,726,100,9.3,5,0.39,50.2,0
62,81549,6.6,6,628,40,6.0,2,0.21,95.1,1
37,48094,42.6,4,591,51,6.6,6,0.4,50.5,0
18,55580,16.6,2,798,5,4.0,7,0.38,47.2,0
25,62157,17.0,1,739,77,9.1,5,0.28,44.9,0
63,53732,6.7,3,841,32,6.4,6,0.26,33.5,0
33,41071,13.5,4,762,80,7.7,5,0.37,53.4,0
31,53881,1.0,5,598,1,3.7,6,0.12,45.3,0
29,71472,15.2,6,707,77,9.6,3,0.27,3.7,1
68,29469,36.7,2,618,54,8.2,4,0.12,26.0,0
40,52659,14.2,4,567,11,8.5,5,0.32,21.3,0
32,35997,31.0,4,664,53,1.7,8,0.16,86.7,0
45,73900,19.3,0,778,8,2.7,10,0.37,59.9,1
51,20000,1.9,4,721,25,2.9,5,0.27,76.4,0
19,38821,34.9,5,588,40,2.7,3,0.42,95.7,0
49,57544,1.0,2,661,32,8.6,7,0.09,64.4,0
40,81310,11.5,5,688,88,0.3,2,0.62,98.3,1
39,48684,2.3,4,564,28,0.8,6,0.31,31.2,0
68,38896,1.0,5,757,78,2.7,6,0.14,18.6,0
42,87623,8.2,2,681,109,2.0,6,0.21,40.3,0
39,21039,5.2,2,588,3,2.3,5,0.58,47.1,0
39,20000,10.0,0,584,100,8.0,0,0.56,89.5,0
66,58800,12.9,4,788,91,5.6,6,0.45,56.0,1
69,39958,1.0,1,669,84,0.1,4,0.09,29.2,0
59,29575,2.0,2,795,111,4.3,6,0.11,74.3,1
23,64167,12.3,3,825,79,4.1,3,0.14,50.6,0
32,54876,6.3,2,781,62,1.1,6,0.33,16.2,0
60,38718,19.6,2,657,27,6.8,3,0.21,57.7,0
54,24393,15.8,1,500,117,7.0,5,0.2,91.1,0
50,67449,28.0,3,725,45,7.2,2,0.38,84.3,0
25,63004,17.7,4,850,105,7.3,4,0.31,58.7,1
61,48016,8.4,6,697,92,0.0,7,0.05,37.7,1
61,86932,16.8,3,540,25,9.5,6,0.09,8.7,0
22,28598,4.8,2,646,106,8.1,7,0.39,47.0,0
56,20000,5.5,3,685,61,9.0,6,0.56,75.2,0
21,36161,23.3,1,612,44,0.2,2,0.38,36.0,0
23,49088,8.9,2,500,110,9.3,0,0.52,23.5,0
62,54866,24.0,1,692,97,8.1,4,0.1,93.1,0
49,45175,25.9,3,637,46,8.4,5,0.08,82.2,0
69,57041,29.2,4,841,14,0.9,2,0.02,63.8,1
47,24969,37.3,2,708,8,7.4,3,0.52,13.7,0
64,78875,8.5,2,737,48,9.6,6,0.43,14.5,0
52,48356,5.8,3,690,14,6.8,9,0.27,10.3,0
57,72345,13.1,2,707,65,5.7,6,0.33,61.6,1
69,56854,7.0,2,567,80,9.5,4,0.57,11.6,0
33,59135,13.8,3,616,82,4.4,2,0.14,84.3,0
30,61395,18.3,1,787,7,6.0,6,0.03,99.3,0
67,58954,17.5,6,716,79,4.8,7,0.14,36.6,0
59,62854,7.0,2,668,88,9.3,2,0.06,45.4,0
47,76583,2.7,2,738,49,0.8,6,0.73,71.2,0
36,53930,8.4,2,740,115,5.0,8,0.39,93.7,1
34,64180,2.3,4,850,55,6.9,4,0.58,89.4,0
36,48205,33.1,1,713,13,7.9,6,0.31,5.8,0
45,78802,6.4,2,614,73,5.8,6,0.35,16.9,0
43,36472,2.5,4,690,56,9.1,1,0.24,75.5,0
54,86018,1.0,3,748,56,9.4,7,0.53,68.9,0
43,49196,15.6,3,779,15,0.6,6,0.29,13.3,0
40,21384,15.2,3,570,57,4.0,5,0.1,50.2,0
26,52562,6.2,6,720,58,0.2,3,0.43,78.1,1
29,36378,1.1,3,628,35,3.3,7,0.29,21.9,0
18,66812,7.9,3,654,88,5.4,4,0.29,87.1,1
18,36947,5.6,1,767,97,9.1,2,0.4,5.3,0
64,41076,17.0,2,759,16,8.5,7,0.65,78.2,1
51,20000,14.0,4,645,8,1.3,5,0.69,61.6,0
49,40953,6.8,3,687,93,0.9,8,0.62,31.5,0
65,20000,3.7,3,657,87,5.9,7,0.35,72.1,1
42,20000,66.4,2,850,45,5.3,5,0.44,78.2,0
57,65208,9.1,3,722,95,2.7,4,0.2,93.4,1
62,65716,17.5,1,632,40,9.0,3,0.39,36.8,0
18,58509,2.3,2,805,113,9.3,9,0.27,68.6,1
33,30660,10.0,2,808,54,4.0,4,0.09,60.3,1
56,49045,1.0,3,843,119,8.9,8,0.41,52.5,1
22,49927,10.6,5,850,14,3.8,4,0.13,89.0,0
39,26832,49.9,3,756,59,7.4,2,0.23,0.3,0
46,80067,7.3,6,672,117,4.8,2,0.23,28.2,1
20,67547,1.0,2,683,94,1.2,5,0.52,53.8,0
29,45580,1.0,5,676,53,9.3,8,0.24,17.8,0
43,50537,7.4,6,667,103,4.5,5,0.47,90.8,1
33,54167,2.6,6,799,27,7.3,6,0.12,64.8,0
68,20000,1.0,3,700,47,3.7,3,0.17,47.8,0
54,45056,21.2,4,777,80,0.2,5,0.53,81.5,0
39,36360,9.2,3,754,115,1.0,8,0.17,45.1,0
46,29967,5.1,2,612,6,5.0,4,0.15,55.9,0
31,44377,34.6,5,562,55,6.9,5,0.45,0.3,0
45,85953,1.9,4,601,97,3.3,1,0.33,36.6,0
22,62816,46.8,2,665,44,7.0,5,0.17,13.9,0
64,38576,5.7,0,710,18,7.0,6,0.35,69.0,1
66,61451,32.9,0,648,16,7.0,3,0.29,47.9,0
47,77987,13.9,5,756,12,4.9,6,0.34,30.2,0
63,68492,26.3,6,657,20,9.1,5,0.16,46.8,1
69,51192,62.0,1,720,45,4.9,5,0.12,21.0,0
22,37061,5.1,2,709,64,4.5,6,0.22,92.5,0
29,63964,48.7,5,838,104,2.0,6,0.07,5.4,1
33,57869,7.4,4,621,59,3.1,7,0.05,86.5,1
43,67903,7.3,3,850,93,0.4,6,0.11,51.1,0
43,62703,6.2,2,652,94,6.3,5,0.18,61.9,0
65,70991,11.7,0,592,90,2.5,6,0.11,30.3,0
38,39295,2.5,4,682,22,3.0,6,0.13,96.7,0
56,76347,12.1,5,850,97,7.7,5,0.41,28.2,1
53,53951,11.7,2,771,117,3.3,10,0.06,58.9,0
50,91505,21.5,3,748,103,2.4,4,0.26,99.3,1
47,36216,26.9,7,763,47,1.7,8,0.04,88.1,1
54,84719,8.7,5,638,29,7.7,6,0.25,53.6,1
40,53958,5.4,3,726,86,1.3,4,0.09,99.0,0
27,36971,4.5,1,700,45,4.5,5,0.31,70.1,0
22,40322,3.2,3,844,77,5.1,4,0.17,20.9,0
53,43593,1.0,4,691,9,6.9,6,0.23,40.6,0
51,58483,6.3,1,669,24,6.3,2,0.62,33.4,0
69,60456,4.7,3,606,15,8.1,2,0.18,34.4,1
48,38525,50.9,3,711,36,0.4,9,0.58,76.0,0
27,49512,12.2,4,723,13,3.0,1,0.26,58.4,0
36,92845,6.4,1,603,91,2.8,3,0.27,3.8,0
49,84550,13.0,2,736,44,1.5,4,0.08,87.7,1
18,58726,2.2,3,718,101,2.9,3,0.2,29.7,1
22,50760,8.8,2,781,71,3.1,2,0.43,99.7,0
62,52400,14.8,1,796,72,5.2,6,0.24,95.4,0
21,62270,10.1,1,707,101,6.6,2,0.14,94.1,1
33,29544,7.7,3,617,105,3.8,7,0.09,81.1,0
41,44852,76.4,0,633,78,7.2,10,0.45,22.1,0
33,20000,31.8,3,840,76,3.4,1,0.43,53.3,0
19,57984,14.6,1,713,36,2.9,2,0.61,22.4,0
66,62943,12.6,1,839,116,5.4,4,0.12,26.0,0
45,40336,14.5,7,739,61,0.2,4,0.45,61.1,0
49,81479,3.4,3,760,104,0.8,8,0.08,4.1,0
44,25484,7.5,2,775,81,4.2,6,0.2,96.9,0
37,20712,1.0,4,602,40,9.4,2,0.3,91.9,0
41,54489,9.7,4,724,117,7.2,6,0.43,38.1,0
29,70941,11.7,0,601,93,0.9,8,0.09,51.5,0
67,83678,3.9,3,677,27,8.5,8,0.61,46.6,1
52,40822,49.9,3,751,1,7.3,2,0.27,88.2,1
50,71573,36.0,7,617,116,6.1,5,0.12,68.9,1
50,49229,19.2,3,744,34,8.2,4,0.34,27.8,0
68,46547,11.4,2,580,68,4.0,3,0.52,44.7,0
60,67673,30.6,4,791,88,2.2,8,0.21,42.9,1
54,63046,2.1,2,646,21,5.1,3,0.26,95.9,0
29,20000,23.4,2,617,33,5.5,7,0.11,17.5,0
20,79530,2.0,3,585,7,5.4,2,0.27,9.0,1
18,77601,23.7,0,653,65,5.7,1,0.22,88.1,0
50,37488,4.8,0,547,105,9.5,5,0.22,89.7,0
57,57916,31.4,3,656,3,9.0,4,0.17,87.2,1
27,59880,43.2,4,787,108,8.8,4,0.05,51.1,1
60,55213,2.4,6,684,51,8.0,4,0.18,66.0,0
61,38993,9.3,4,605,79,9.4,3,0.26,56.3,0
46,36567,59.4,2,718,95,1.0,0,0.16,6.9,0
30,49488,9.9,2,711,54,2.7,2,0.13,59.6,0
29,73454,29.9,8,850,80,5.0,3,0.17,1.4,0
48,60872,13.3,4,763,74,8.5,4,0.25,32.5,0
63,42587,7.1,3,724,118,5.1,2,0.22,93.2,1
19,65433,5.0,1,772,93,7.5,6,0.36,30.4,0
68,20000,3.4,2,689,59,1.4,5,0.13,94.0,0
67,72975,21.5,1,693,6,2.5,1,0.06,25.0,0
52,20000,7.3,3,832,29,7.3,8,0.21,31.5,0
40,42751,10.7,4,569,17,1.6,6,0.47,62.8,0
34,27606,10.2,0,777,117,3.5,1,0.21,76.2,1
43,24106,12.9,2,691,60,2.6,9,0.5,50.1,0
25,73216,30.1,5,676,22,3.5,3,0.61,88.2,0
46,40645,59.2,5,655,24,7.1,9,0.07,4.0,1
43,56930,7.9,3,712,81,3.7,4,0.31,92.2,1
27,49061,26.4,1,696,85,5.6,3,0.71,19.6,0
43,59540,21.7,3,666,51,1.0,7,0.45,88.4,0
51,51536,12.8,2,643,50,8.1,5,0.46,40.1,0
68,24340,46.9,5,547,11,3.7,6,0.17,83.3,0
58,69925,3.4,1,642,56,6.5,3,0.18,67.2,0
24,40124,1.7,3,659,71,7.3,7,0.31,17.6,0
21,20000,28.9,3,712,42,2.1,5,0.42,91.8,0
67,41437,8.7,4,850,39,8.8,8,0.27,24.6,0
62,80015,28.2,2,650,69,6.2,7,0.47,24.4,0
28,67004,33.5,2,618,108,4.3,3,0.55,81.4,0
46,43026,1.0,1,642,48,1.8,5,0.06,10.6,0
53,43014,32.2,0,712,57,9.4,9,0.52,22.2,0
42,43567,8.9,2,747,21,7.6,5,0.49,50.4,0
38,91534,10.7,2,758,82,2.1,6,0.23,83.0,1
53,57638,14.8,1,766,99,3.4,4,0.12,14.7,0
27,58600,39.1,5,777,20,8.1,6,0.43,54.8,0
54,70605,1.0,7,677,15,7.0,6,0.27,71.1,0
26,54775,9.7,2,850,69,7.7,5,0.29,86.1,1
41,44819,17.5,2,671,77,4.4,6,0.15,93.6,0
52,46073,19.2,2,708,51,7.2,4,0.16,78.5,1
66,48567,17.7,1,803,76,3.9,4,0.29,65.3,0
52,49255,2.2,2,745,62,2.1,7,0.4,43.4,0
65,64552,5.3,2,520,119,6.3,7,0.18,11.2,0
53,51038,6.7,5,700,85,9.8,5,0.51,71.0,1
35,64652,24.5,0,768,37,3.1,3,0.4,99.3,0
66,48385,4.9,3,592,6,4.6,3,0.41,73.7,0
56,51572,3.5,2,760,71,6.7,3,0.67,1.7,0
49,20000,47.4,5,731,26,5.4,2,0.14,49.6,1
41,68326,1.0,3,794,106,8.4,6,0.41,61.5,1
40,56929,91.9,5,644,112,7.6,3,0.58,69.0,1
49,69960,16.9,6,779,8,0.6,3,0.2,72.0,1
54,20000,26.4,3,712,73,10.0,11,0.23,55.8,0
29,91767,5.2,5,841,91,7.5,4,0.44,22.3,0
66,47208,1.0,2,850,4,8.6,10,0.39,94.2,0
30,72163,20.1,0,823,21,6.5,8,0.1,69.7,0
40,29201,26.9,6,738,31,8.6,3,0.32,23.7,0
42,62255,20.2,5,850,21,1.1,7,0.05,32.2,1
52,28931,2.3,3,748,104,3.5,5,0.46,92.2,0
58,37524,21.0,6,627,25,8.8,3,0.18,88.7,0
47,88280,22.0,3,696,103,2.0,5,0.42,40.5,0
34,46186,16.1,1,760,15,0.8,6,0.13,3.8,0
66,54348,21.8,0,766,117,7.9,5,0.27,4.8,0
37,67401,28.1,2,609,35,8.4,5,0.1,28.4,0
65,59913,14.3,2,612,49,1.6,2,0.13,62.9,0
42,53008,1.4,4,672,43,8.5,6,0.12,58.4,0
39,57299,10.0,5,742,41,6.9,5,0.15,63.4,1
30,98068,1.2,1,753,37,5.2,4,0.45,71.7,1
36,48847,7.9,4,711,57,8.3,7,0.23,1.9,0
66,54021,7.8,3,633,42,4.2,5,0.29,10.5,0
53,71013,1.0,2,838,47,1.9,6,0.23,35.9,0
29,72110,6.4,3,614,92,2.8,6,0.06,15.5,0
58,73740,1.8,2,804,61,5.1,6,0.38,7.5,0
36,62774,24.8,3,759,14,5.3,3,0.53,64.1,1
29,27139,44.3,5,802,68,8.1,5,0.18,81.5,1
26,82668,1.1,2,664,53,7.9,4,0.06,75.3,0
24,27073,46.6,5,688,84,5.8,8,0.17,81.7,0
45,56052,11.1,1,704,34,7.8,3,0.3,66.6,0
31,34914,5.3,0,661,76,1.9,2,0.09,73.5,0
48,48717,1.2,4,718,97,0.5,1,0.47,27.2,0
69,56575,10.4,6,826,24,8.7,7,0.16,99.3,1
36,56427,23.7,4,596,20,0.8,3,0.07,18.3,0
64,58438,18.4,3,647,69,2.5,2,0.07,21.4,0
33,82274,1.0,5,638,102,7.0,4,0.3,28.9,0
22,59070,1.1,2,692,30,4.1,6,0.23,97.5,1
52,45116,7.7,2,689,88,8.8,2,0.2,98.8,0
29,69281,5.2,2,761,107,3.0,7,0.4,79.5,0
42,73789,4.0,4,702,104,0.1,4,0.35,62.9,0
69,25447,4.9,3,724,7,3.0,10,0.32,52.0,0
38,61948,24.4,5,731,36,5.8,8,0.25,97.1,1
53,64023,39.7,2,719,38,3.8,6,0.45,69.6,0
40,44048,7.8,2,756,80,5.3,7,0.14,94.5,1
33,77514,35.5,3,690,52,8.8,3,0.18,31.7,0
56,46998,5.8,3,831,15,9.1,4,0.61,33.4,1
62,52511,9.7,4,850,46,2.7,8,0.18,85.5,0
59,46538,3.8,1,756,23,4.6,5,0.61,15.0,0
56,50311,15.3,0,718,12,5.5,4,0.07,94.6,1
31,28074,57.9,1,749,93,9.5,4,0.22,50.7,0
48,21198,13.9,4,611,44,10.0,5,0.54,92.6,1
22,81890,6.6,3,714,112,2.4,5,0.21,33.7,0
52,33060,15.7,4,641,15,7.3,4,0.43,71.6,0
40,30172,2.0,1,740,93,3.8,3,0.4,48.3,0
46,20000,32.9,5,641,109,0.1,6,0.14,62.7,0
60,37220,10.5,3,672,107,0.1,8,0.04,50.4,0
28,23538,8.9,4,550,49,4.6,5,0.22,96.7,0
35,82840,13.2,4,606,21,4.9,5,0.36,69.2,0
64,70196,14.7,4,728,15,0.2,3,0.24,25.1,0
29,36236,1.1,1,630,14,6.9,5,0.22,91.0,0
26,95048,17.2,4,785,42,2.9,5,0.04,29.4,1
27,69635,4.2,3,623,108,5.6,10,0.3,37.2,0
61,43503,18.8,2,736,80,3.0,4,0.31,10.2,0
34,20000,25.9,5,639,15,1.7,4,0.72,90.0,0
55,95818,24.4,4,730,106,4.1,9,0.44,28.6,0
24,22208,12.1,3,577,63,2.3,5,0.23,25.9,0
63,20000,11.0,4,663,68,5.3,4,0.09,92.0,0
30,70451,2.3,4,632,27,2.0,2,0.23,80.6,0
57,98795,22.4,3,770,87,5.1,4,0.34,14.1,0
59,77685,4.7,1,736,93,1.6,4,0.25,76.9,0
26,61278,10.3,2,601,105,6.7,5,0.39,91.3,0
67,61895,5.0,0,683,53,7.5,2,0.4,7.9,0
44,67068,2.2,4,638,52,1.1,8,0.36,82.5,0
19,65178,14.9,1,776,63,4.7,3,0.2,54.7,0
22,55623,1.0,5,801,73,0.7,5,0.36,66.9,0
46,52084,20.7,1,584,53,6.0,4,0.46,49.3,0
54,48748,5.7,4,766,57,2.6,5,0.27,69.8,0
55,34920,1.0,1,634,52,5.3,7,0.05,3.4,0
36,44386,10.7,6,679,107,5.2,6,0.08,76.3,1
25,20000,1.0,4,702,43,9.2,7,0.41,3.3,0
65,48033,4.8,1,845,7,5.5,3,0.21,45.5,0
62,30228,18.4,3,619,117,5.8,8,0.67,15.1,0
18,27928,1.0,3,766,42,4.0,3,0.08,82.4,0
39,53597,27.4,4,606,4,9.5,6,0.27,31.4,0
69,77840,1.0,2,600,69,7.8,6,0.04,45.4,0
34,68366,4.3,4,702,5,2.9,6,0.12,42.9,0
24,20000,20.3,3,701,75,8.4,3,0.39,77.3,0
42,30207,5.7,3,500,105,4.3,1,0.49,48.1,0
62,68815,1.6,2,792,92,8.3,6,0.14,78.9,0
21,30350,6.7,4,528,80,8.2,5,0.42,7.4,0
53,45507,4.7,3,688,41,1.9,2,0.45,19.2,1
23,61001,27.7,1,806,118,7.0,4,0.12,55.2,0
48,30633,5.6,1,850,94,2.9,10,0.26,94.7,0
36,52107,23.3,2,670,4,3.0,3,0.64,7.5,0
61,23319,33.4,2,585,2,3.0,11,0.21,4.3,0
56,37972,8.5,1,803,110,7.3,2,0.19,15.7,0
44,56395,36.1,6,769,67,2.3,3,0.3,64.1,1
27,20000,7.1,2,660,114,0.0,3,0.08,39.9,0
43,58809,49.9,5,650,21,7.2,2,0.13,82.6,1
36,49607,1.4,7,642,70,1.7,3,0.43,7.2,0
56,61049,17.4,5,672,43,1.0,6,0.47,19.6,0
20,54478,10.2,4,725,117,2.4,6,0.53,30.0,0
62,77282,7.4,3,654,82,3.8,7,0.24,62.7,0
30,52504,15.0,4,664,108,4.8,3,0.23,68.5,0
67,41411,18.3,1,751,69,0.4,5,0.36,12.4,0
45,52445,1.0,2,581,9,9.7,2,0.31,94.4,0
37,60865,2.7,4,669,84,7.2,5,0.43,34.1,0
45,50977,18.7,1,565,28,3.2,4,0.3,71.3,0
25,50811,16.5,4,708,26,3.2,1,0.3,52.4,0
58,35960,50.7,6,544,82,4.5,3,0.13,22.3,0
56,36741,21.5,3,771,83,6.3,3,0.09,84.6,0
18,21947,45.2,1,594,3,1.5,8,0.35,81.8,0
20,84991,18.2,2,558,73,1.9,10,0.22,39.6,0
30,25122,5.3,4,670,100,8.6,4,0.1,58.9,0
45,36141,1.7,3,836,95,2.6,5,0.37,25.8,0
66,35631,22.8,1,756,49,3.8,6,0.59,69.0,0
42,67898,15.5,7,546,17,8.7,3,0.16,30.9,0
50,44101,1.0,2,592,63,6.6,11,0.25,84.4,0
55,74954,6.7,5,668,55,3.4,5,0.17,21.7,0
23,36530,47.1,6,850,23,6.8,5,0.21,1.5,1
61,55579,10.4,1,624,34,0.2,3,0.24,26.9,0
62,33293,8.5,0,625,105,7.4,7,0.18,19.1,0
49,92902,9.2,2,822,105,4.9,2,0.34,50.8,1
62,26248,3.5,3,715,69,8.1,5,0.06,20.4,0
64,56196,6.9,5,784,15,9.5,4,0.33,76.3,0
38,62675,6.9,0,641,47,9.3,6,0.18,24.1,0
33,58275,1.0,0,691,3,9.1,4,0.14,70.7,0
38,46294,21.9,3,805,83,5.1,5,0.18,57.8,0
28,47403,8.1,4,688,28,3.6,3,0.55,98.6,0
54,50876,25.9,3,789,3,4.7,5,0.33,100.0,1
53,47059,28.5,4,730,102,6.9,6,0.42,87.0,1
52,69277,3.6,3,616,4,8.8,3,0.12,76.0,0
36,94210,16.1,5,698,88,2.1,7,0.14,38.6,1
37,38850,9.6,6,778,31,9.2,4,0.45,75.3,1
35,22603,31.8,3,753,45,8.2,2,0.35,95.7,1
64,48234,3.6,4,696,59,9.8,12,0.18,2.3,0
58,101594,17.0,1,548,45,8.8,4,0.05,53.8,0
66,33926,14.0,3,556,75,2.8,2,0.3,21.8,0
31,82782,5.2,3,573,37,1.1,7,0.25,55.8,0
32,83554,2.2,2,659,65,1.1,1,0.21,46.6,0
48,38928,15.8,4,669,9,2.9,0,0.21,57.6,0
18,61379,20.1,3,581,17,6.1,3,0.52,55.1,0
20,82567,5.7,5,781,118,8.0,10,0.33,96.0,1
33,42417,15.5,3,598,65,9.0,2,0.18,55.2,0
40,45928,7.5,3,590,3,6.2,9,0.21,84.6,0
28,38366,18.7,2,707,111,0.1,3,0.64,32.0,0
29,29704,3.3,0,777,26,1.9,6,0.44,43.8,0
27,37014,33.1,4,850,53,1.0,5,0.3,47.0,0
49,25521,5.1,3,746,31,3.6,3,0.34,27.9,0
33,50681,6.9,2,826,26,5.0,8,0.55,38.0,0
25,34600,1.0,4,603,23,0.4,4,0.6,59.9,0
55,54675,1.8,6,850,30,3.5,5,0.44,58.0,1
29,20000,10.9,4,551,10,1.8,4,0.24,63.6,0
41,56617,4.7,4,659,72,6.5,4,0.26,35.2,0
45,66670,27.1,2,744,108,4.6,3,0.65,31.6,0
25,20000,1.0,1,571,89,5.0,5,0.41,61.2,0
45,57481,7.1,1,625,64,4.3,3,0.09,13.3,0
53,74553,6.2,1,613,22,9.6,7,0.46,25.3,0
43,25807,1.0,4,675,15,2.1,2,0.25,4.2,0
25,83451,2.0,3,813,105,5.2,7,0.4,7.3,0
67,58380,8.0,4,701,56,7.4,4,0.11,24.3,1
45,35899,10.2,4,662,74,5.6,3,0.32,2.0,0
45,48884,7.8,2,500,20,9.3,3,0.27,24.5,0
54,61166,11.4,6,737,105,3.8,8,0.32,65.5,0
58,51520,13.6,3,763,47,4.6,10,0.17,6.1,1
53,60775,1.0,1,563,87,0.9,5,0.24,43.7,0
44,31586,9.4,3,694,53,6.1,8,0.25,91.3,0
34,53387,49.7,2,715,53,2.9,1,0.32,79.1,0
26,21725,11.0,2,777,1,1.6,6,0.4,30.5,0
50,47775,17.0,3,642,2,5.4,2,0.28,92.5,0
37,31921,5.6,3,629,58,5.3,4,0.51,33.0,0
30,35289,22.3,3,663,19,0.8,4,0.41,7.3,0
45,74721,22.2,3,802,62,7.0,8,0.22,99.4,0
65,71826,11.1,6,783,78,6.2,7,0.25,87.0,1
46,62182,56.0,6,698,72,1.9,4,0.15,46.6,0
30,28153,2.0,3,781,102,4.7,7,0.22,66.6,1
63,43671,1.0,3,510,12,7.2,5,0.22,67.1,1
52,74261,22.1,3,763,26,5.3,7,0.45,19.4,1
23,52834,24.7,2,610,27,4.0,3,0.14,20.0,0
35,96386,1.9,3,841,29,3.2,4,0.28,47.0,0
68,57866,4.6,3,614,15,6.1,8,0.23,91.2,0
22,53840,1.0,3,631,46,9.4,7,0.32,1.0,0
64,43817,5.2,1,744,117,6.7,2,0.32,78.3,0
42,52670,22.3,4,752,1,0.7,2,0.25,5.8,0
19,46950,10.9,1,664,60,4.6,6,0.19,47.8,0
27,64162,6.4,4,729,107,8.9,8,0.64,63.8,0
47,69134,7.0,2,739,92,0.9,4,0.26,68.7,0
67,34280,1.0,2,731,57,9.9,6,0.66,5.8,0
62,23375,5.3,5,667,3,9.5,8,0.34,41.9,0
22,20000,15.6,4,740,115,0.8,6,0.2,58.4,0
50,60159,54.9,1,812,18,9.3,4,0.22,6.6,0
18,27932,28.2,1,601,52,3.6,6,0.11,13.5,0
35,20000,1.0,5,632,60,8.4,6,0.37,66.4,0
49,57771,34.3,3,702,34,4.2,4,0.05,52.2,0
64,99859,22.9,1,615,96,4.4,4,0.33,16.2,0
66,49878,22.7,1,555,93,6.3,5,0.15,53.5,0
28,66769,9.2,5,787,89,7.7,9,0.3,91.3,0
38,51636,7.6,4,521,60,0.3,5,0.3,1.6,0
43,48022,5.4,4,667,26,5.9,6,0.16,64.3,0
42,68381,1.0,1,760,103,1.9,9,0.2,7.4,0
39,44194,3.9,0,721,72,3.5,3,0.48,0.6,0
44,55347,4.2,4,669,19,3.5,10,0.5,15.1,1
66,56433,9.9,2,612,118,4.7,7,0.28,42.3,0
30,36638,20.6,4,727,111,3.3,6,0.39,80.2,0
50,69840,9.6,1,620,106,1.1,5,0.58,28.2,0
51,46500,1.0,1,721,22,1.5,5,0.27,62.6,0
58,34885,47.5,4,711,93,0.3,9,0.11,41.1,1
52,60730,42.9,2,712,33,4.7,7,0.51,23.4,0
18,32030,23.1,1,648,38,9.5,7,0.12,51.4,0
38,50563,71.2,1,850,109,1.2,5,0.13,79.7,1
65,49817,11.8,3,728,110,9.5,2,0.39,83.2,1
23,71717,49.4,4,677,35,7.3,5,0.13,84.7,0
45,59493,1.2,2,721,107,6.4,4,0.07,33.9,0
34,49499,6.8,2,638,67,6.5,7,0.22,79.3,0
22,66355,3.8,4,669,83,8.3,3,0.11,21.2,0
48,77804,3.3,3,850,10,1.1,3,0.42,73.8,0
22,61156,2.3,1,638,91,5.0,6,0.34,94.8,1
55,50207,14.6,1,693,15,7.0,3,0.56,1.4,0
20,23763,22.8,3,663,11,5.9,5,0.35,44.0,0
40,28697,13.0,2,616,111,8.3,3,0.27,64.8,0
54,43895,2.4,3,733,90,0.7,8,0.66,70.2,0
54,37809,25.0,2,702,24,6.9,3,0.25,17.6,0
27,46260,15.2,6,772,77,5.3,7,0.08,97.2,1
27,51132,7.4,7,764,96,3.8,5,0.4,61.5,0
36,60593,16.8,4,772,101,3.4,6,0.24,16.4,0
34,48590,4.5,2,626,4,6.2,4,0.29,2.1,0
38,59730,6.4,2,751,13,8.9,6,0.15,78.3,0
31,51289,37.4,0,753,73,5.0,7,0.18,8.0,0
26,20000,5.1,5,618,57,8.2,10,0.24,14.1,0
63,31213,9.5,2,674,113,4.0,7,0.1,57.5,0
18,47118,33.1,4,583,98,1.0,6,0.2,60.4,0
68,25806,18.5,4,753,37,0.6,4,0.27,68.7,1
62,61998,1.0,4,753,48,0.5,6,0.41,39.4,0
30,80615,2.4,5,814,71,3.8,2,0.11,77.4,1
21,74375,1.0,3,681,1,3.4,2,0.19,97.4,0
18,45731,15.0,3,736,60,7.2,3,0.12,27.1,0
66,79814,8.9,5,779,12,7.4,9,0.27,70.3,1
57,52973,2.2,4,639,21,0.5,4,0.18,92.8,0
49,43258,47.5,3,627,11,2.2,7,0.12,68.6,0
51,37731,11.3,4,642,44,2.7,8,0.36,68.1,0
45,43950,4.2,3,672,115,5.5,6,0.39,22.4,0
48,42236,10.4,3,630,58,1.4,3,0.27,53.5,0
25,53408,17.1,4,645,108,1.3,6,0.84,56.3,0
56,53211,1.2,3,770,44,9.4,3,0.32,70.0,0
43,50060,4.8,1,692,78,8.0,7,0.12,99.7,1
51,58738,24.7,3,724,98,1.8,6,0.38,3.4,0
20,73812,9.2,2,655,34,4.1,2,0.27,6.5,0
67,68991,11.9,2,650,25,3.6,1,0.29,7.8,0
29,20302,8.5,4,722,4,7.9,2,0.49,74.3,0
18,20000,1.0,4,710,64,5.1,5,0.16,13.6,0
61,68686,2.7,1,762,116,1.3,4,0.07,62.2,0
22,22662,8.8,7,804,119,7.4,5,0.17,32.5,1
47,45504,3.5,3,644,90,4.0,8,0.29,45.7,0
47,26597,1.0,2,768,16,2.6,4,0.13,21.6,0
34,20000,27.8,6,613,10,3.8,6,0.39,86.6,0
65,60829,59.6,0,850,109,5.0,3,0.36,58.6,0
64,65183,23.6,6,637,66,3.4,4,0.14,94.5,0
40,38469,28.8,3,755,35,2.4,8,0.26,57.5,0
32,20000,4.2,3,613,83,4.0,5,0.67,12.4,0
54,39075,48.5,5,687,6,0.2,7,0.42,17.1,0
38,57836,3.3,5,823,19,7.7,2,0.23,98.9,0
31,20421,45.4,2,634,59,1.7,5,0.33,72.6,0
19,53667,78.9,4,850,53,0.4,10,0.18,4.9,1
28,49693,18.7,3,699,116,6.5,4,0.2,70.4,0
68,61585,59.6,6,778,115,7.7,5,0.8,41.2,0
56,52391,12.6,1,732,8,8.1,3,0.07,30.7,0
55,30538,4.5,3,736,78,4.9,3,0.35,15.4,0
51,73931,8.6,5,585,10,2.1,8,0.33,84.0,0
55,46829,13.5,3,662,67,7.4,3,0.31,6.4,0
67,49453,1.1,2,795,38,7.0,7,0.3,29.0,0
51,31334,14.6,0,672,29,2.5,8,0.54,30.6,0
35,41134,59.6,1,711,15,9.0,4,0.21,16.1,0
47,32303,3.2,4,576,87,1.0,5,0.34,50.8,0
32,46541,23.6,6,656,23,9.8,6,0.02,1.2,0
44,84234,35.8,2,789,82,8.6,1,0.14,30.1,1
68,22561,43.2,4,597,46,6.9,2,0.3,93.4,0
51,20000,48.3,1,757,83,9.4,3,0.12,31.1,0
69,79423,11.1,1,714,28,7.2,4,0.35,36.0,0
55,45813,56.8,9,681,26,1.9,4,0.36,47.3,1
50,36618,21.2,2,677,10,4.4,4,0.34,56.2,0
41,70798,2.6,2,660,47,0.7,3,0.24,80.9,1
32,37887,9.7,3,667,4,3.9,5,0.23,19.0,0
47,86520,19.0,4,774,55,7.4,5,0.06,87.2,1
59,63558,4.3,2,665,66,3.9,2,0.29,75.8,1
68,40241,15.4,1,844,67,3.3,6,0.37,72.3,0
34,93146,16.5,2,723,7,6.0,3,0.3,8.7,0
22,37885,2.7,1,653,55,8.7,4,0.34,2.2,0
46,64841,12.5,0,777,80,0.5,3,0.06,59.4,1
21,55985,22.2,3,749,31,3.9,6,0.42,86.3,0
27,76034,10.4,2,567,74,1.6,4,0.16,58.4,0
34,81230,1.0,6,617,19,7.0,1,0.22,21.3,0
27,50640,1.0,2,690,28,1.1,9,0.5,9.1,0
34,34931,6.6,2,573,81,6.6,7,0.32,70.0,0
37,59199,39.1,2,850,28,2.9,5,0.61,72.2,0
41,36445,3.9,6,765,19,2.0,4,0.21,17.3,0
22,90267,15.1,1,698,101,9.4,2,0.3,2.8,0
51,52730,3.8,4,672,87,0.2,4,0.32,40.8,0
23,42693,5.8,4,652,20,4.4,5,0.22,58.3,0
19,53693,28.3,2,542,13,0.2,4,0.1,70.6,0
30,23057,19.6,3,561,77,4.8,6,0.16,81.0,0
60,30567,1.5,0,850,43,5.0,3,0.07,61.1,0
60,74008,8.4,3,825,11,3.2,7,0.18,11.1,1
65,36862,1.0,4,653,48,1.3,5,0.18,68.3,0
28,29061,9.8,2,772,15,3.8,6,0.36,98.4,0
68,60733,16.3,4,740,17,6.7,7,0.66,90.6,1
64,73714,1.9,0,749,54,7.8,2,0.34,87.2,0
40,64379,5.1,2,585,50,5.3,6,0.11,30.2,0
33,69920,7.6,4,555,28,5.9,4,0.51,75.1,0
48,34864,37.8,4,794,83,2.0,6,0.31,85.1,0
28,21563,75.0,2,541,4,2.9,3,0.05,67.8,0
33,80026,1.0,3,688,22,1.6,6,0.84,25.1,0
25,43546,21.5,4,670,86,2.5,8,0.33,95.4,0
21,44983,7.0,4,663,119,2.2,3,0.35,45.1,0
57,76563,7.5,3,725,101,5.2,7,0.12,13.0,1
21,61124,21.1,3,645,39,5.6,15,0.31,11.0,0
42,59117,37.6,3,731,34,9.4,7,0.4,64.8,0
20,93300,45.2,2,711,97,2.0,6,0.37,43.8,1
49,37129,12.9,3,850,44,6.4,3,0.16,9.4,0
20,68556,6.6,4,589,42,8.2,2,0.26,74.0,0
44,51140,23.2,5,702,40,5.6,5,0.39,79.9,0
46,55371,4.3,5,734,97,2.6,6,0.27,72.5,1
49,80569,12.5,1,679,12,2.6,6,0.31,20.2,0
67,60156,6.7,5,593,2,0.4,4,0.06,69.0,0
68,60765,16.0,4,800,28,3.1,1,0.1,1.1,0
36,71450,4.1,2,726,74,7.4,6,0.27,30.5,0
38,42700,3.2,2,598,86,0.5,8,0.09,39.9,0
22,33215,37.6,1,735,81,2.2,2,0.46,83.5,1
35,29103,1.6,3,836,90,7.1,2,0.17,39.0,0
45,20000,10.6,5,697,67,7.8,2,0.2,1.1,0
59,91124,3.7,1,699,71,4.6,5,0.28,35.2,1
39,27935,1.0,2,825,108,7.0,7,0.21,49.9,0
38,45574,1.0,3,622,72,3.9,7,0.17,94.9,0
23,44463,2.9,3,838,84,1.6,9,0.47,94.1,0
18,56148,30.2,3,777,76,4.0,4,0.35,18.1,1
22,66314,5.0,3,626,99,5.8,7,0.57,18.5,0
58,67209,45.1,5,646,81,9.5,5,0.75,16.3,0
29,38338,13.1,4,658,92,0.7,7,0.32,78.9,0
43,46657,8.6,3,553,105,5.1,7,0.42,0.6,0
63,55651,13.0,5,720,10,3.3,3,0.24,12.7,0
51,45026,10.9,4,629,86,5.1,5,0.38,53.8,1
66,82146,21.3,1,723,102,0.2,5,0.44,24.8,1
31,59819,5.0,3,596,57,3.1,5,0.15,9.2,0
43,64697,6.5,3,773,97,8.2,5,0.15,36.0,1
62,63257,33.7,1,759,86,5.5,8,0.08,27.4,0
44,73469,43.9,5,643,108,4.5,2,0.3,51.1,1
26,53620,33.5,3,728,37,2.9,6,0.18,97.9,0
43,24063,8.2,2,706,77,3.0,6,0.42,12.4,0
64,57993,22.7,3,818,91,3.8,6,0.68,37.3,0
39,36972,9.7,3,617,64,8.4,1,0.27,93.2,0
64,39427,10.3,3,687,79,9.7,10,0.06,87.7,1
47,61727,3.4,1,648,86,4.4,5,0.45,39.4,0
60,74765,13.4,5,703,94,3.9,3,0.24,69.9,0
65,50425,3.1,1,742,107,8.5,0,0.2,8.8,0
34,56176,6.0,4,647,40,4.3,7,0.18,71.3,1
43,84044,29.0,2,670,101,5.5,4,0.07,97.3,0
53,54815,3.5,3,777,98,2.3,6,0.45,53.7,1
18,102033,1.1,4,808,108,7.4,4,0.56,49.8,1
25,61310,1.1,3,739,60,5.3,2,0.34,18.7,0
66,20000,42.4,8,688,98,8.1,4,0.36,63.4,1
52,65066,10.6,2,681,48,7.8,9,0.07,59.0,1
69,57623,7.9,2,743,117,2.2,4,0.1,65.2,0
32,75795,25.0,1,718,99,7.2,5,0.38,2.6,0
64,63463,27.1,1,568,106,8.0,8,0.1,54.9,0
39,47230,6.1,5,745,19,3.5,2,0.43,59.5,0
31,25514,17.7,2,631,72,1.7,2,0.51,20.8,0
43,45819,22.1,0,586,103,0.0,5,0.49,20.8,0
45,32989,15.9,2,566,33,4.5,4,0.23,27.6,0
40,38389,2.5,5,682,44,3.5,8,0.47,71.2,0
31,61771,31.3,4,618,92,5.5,6,0.52,60.6,0
41,83398,11.6,4,513,37,1.9,9,0.23,84.6,0
19,57893,5.0,4,671,112,8.6,7,0.1,29.6,1
62,26082,8.3,4,660,89,2.6,2,0.47,91.2,0
43,58892,1.0,1,688,36,2.3,8,0.19,74.4,0
31,73932,2.1,3,649,81,4.8,3,0.23,39.5,0
68,37804,21.8,1,846,88,5.0,5,0.44,9.5,1
24,47319,1.0,4,741,21,2.2,4,0.49,25.7,1
20,50293,8.1,4,660,2,2.7,5,0.16,95.7,0
64,34302,11.1,3,694,31,1.7,4,0.45,31.0,0
40,62965,1.0,3,813,108,7.2,8,0.4,33.0,0
63,47581,54.2,3,776,97,7.7,0,0.28,19.0,0
60,58390,3.8,4,588,30,4.6,7,0.2,80.7,1
64,32250,5.4,2,622,76,7.1,4,0.24,27.6,0
62,41250,5.4,3,637,44,7.4,5,0.35,33.0,0
35,64447,3.9,4,664,12,1.4,2,0.18,41.4,0
55,42543,1.0,5,652,51,9.7,3,0.43,43.4,0
