area_sqft,area_sqm,bedrooms,bathrooms,total_rooms,age_years,distance_city_km,garage_spaces,has_garden,school_rating,house_number,street_width_m,paint_color_code,neighbor_pets,building_floor,price_lakhs
1811.2583208878787,171.99291899721092,1,3,4.463122160762445,9.358559714853914,6.583492925504344,2,1,5.57138360694096,616,7.610485262348481,4,2,12,130.7059237311557
3366.9286273067737,308.3580894970028,1,2,2.763214383114346,9.622282213143823,6.299263114855339,0,1,6.681626038310216,972,8.433867021776443,6,0,12,165.33009150332865
2776.3836428907935,254.64785852632042,1,3,3.891023973365677,21.732680178423507,5.170062295895068,0,1,8.661596111508054,406,13.345717902556277,1,2,10,172.89968750330118
2416.377907331999,225.22526207231874,5,2,6.444673901875157,22.37511036092893,16.737368141479752,0,0,5.532378183457961,726,14.354845135274957,1,4,6,141.9898747761925
1221.2503291945786,107.46363526585526,4,3,7.71012846622098,6.0107743064613794,21.352381245985633,0,1,6.669783043764157,754,6.8573307200518565,3,2,17,131.0204364157426
1221.1852049077472,107.08230668971704,5,3,7.732642196094678,26.04368440471593,18.38361927223987,0,1,7.6950912780982055,943,8.725089315534658,8,3,19,148.06716126006975
956.8257528541385,95.08227268035506,4,3,6.290645731226263,21.447721206067428,20.010247210253038,0,0,4.8860761241255855,721,14.286305621153941,8,2,18,100.9500964468457
3138.675593592325,292.1565157355468,5,1,6.106822940756236,16.88250859030148,10.715162298044795,1,0,4.9426596343167475,93,5.618084606892227,4,3,6,168.95766440845694
2423.0105317066636,222.30713160701927,5,1,5.56999331921073,14.145973803075382,16.697819088927954,0,0,9.533891889164185,430,5.923605281113785,6,4,19,156.81027562716687
2711.7959600493227,243.46525024579597,3,2,4.484992712068446,16.296984173698743,9.501669770674589,0,0,8.06474201331762,654,6.627909892062293,8,4,10,173.26591561272573
855.5781345986666,83.74496548868848,5,2,6.784950398119027,4.777372148377934,13.612110927247361,1,1,7.040306733563162,434,10.952128341268747,7,0,8,144.3567690690862
3418.7566008373847,314.17989715670814,2,1,3.0431776577501854,6.111037478288226,12.559236316836696,0,1,7.534040380944284,404,6.5047227100599745,7,3,6,172.0970868666575
3047.5951301611385,292.4250098213225,3,2,4.309445122042627,2.7349347121857503,5.2452914834525055,2,1,3.2050961017239286,434,14.680763814507335,4,3,7,179.94846977751175
1373.3155988313456,131.87756961989922,5,1,6.692574462606162,4.6097411448333805,10.28989024805514,2,1,7.326720758931878,112,9.467145272585203,9,1,1,161.9708488029454
1290.9274114591717,115.8864472525207,1,3,4.338579856032894,13.61080903815848,24.131734611576423,0,1,6.566562112569414,929,10.015179603501664,6,1,18,107.48698373066297
1295.1921766042713,116.74599472087944,2,2,3.8173185046136346,15.910631811847683,6.96592618515861,1,1,6.82024775845605,375,7.466586158054065,3,1,12,120.940692286557
1621.4540559907518,159.2423376162625,2,2,3.548328256851501,0.5358567743495812,4.211289670707729,2,1,5.515966787815719,59,9.709602524347336,5,2,16,155.25580130676116
2216.842365407042,205.52335851214167,2,1,2.955387273541668,23.903934835920825,11.045934918974446,1,0,3.570317283990593,43,11.619136326370114,5,1,10,116.71570337343063
1966.2515503337127,180.09821288438505,3,2,5.449717520377861,8.825039200304337,19.968105660643555,2,0,4.353374635284365,207,12.511771369540428,5,3,10,130.04055534830033
1586.3186785347132,147.5076136782577,5,2,7.372292013599839,27.35508104879733,14.971557514719334,0,1,9.655212992488703,780,12.53868082709913,8,2,14,141.90588437486554
2452.002815750425,225.2014983329455,5,3,8.52925215022559,29.02533790841333,17.34339585371787,1,0,5.8608969358965375,296,10.778911126940883,9,4,10,153.35816100015083
1176.6334237605129,110.51448745289247,1,2,2.759811254509839,5.56376624029963,5.5526763561922525,1,0,6.266782090816049,118,14.043597749938572,9,0,10,105.52994899709782
1588.7905510450892,147.21952408449746,1,3,2.5375374104016615,13.86291872296982,15.854756632185317,1,1,3.368968528974073,532,13.174078473061094,6,1,11,106.24375668201175
1789.1769768929676,170.59208105591424,2,1,3.6239055989581237,0.036955054992776626,8.76400947787537,2,1,3.262963606807864,222,12.570481146986253,6,4,2,138.99974810521522
2031.388957385997,186.77316362496347,1,2,2.916401928463824,17.94981795367281,21.02328078291442,2,1,8.020270129327304,166,5.556055216804606,9,3,8,127.80175588275327
2919.975095761137,266.8416045627614,3,3,6.333083032735831,18.219193447880137,16.103171344257667,2,1,6.766662648847779,643,5.068779622196493,4,0,7,166.46886164462322
1339.1192118275712,122.65925129566344,5,1,6.834614377320151,7.426198668101255,5.772550666607102,0,1,6.560941889513867,156,7.124472771954729,6,4,8,165.93706701015876
2188.4329837167516,201.53000469616597,2,2,5.217204316618841,16.752380177495937,2.5508003162580675,2,1,4.701871712958681,184,11.635235939134523,4,0,1,146.3820489490097
2399.5193359275145,222.52767723169612,1,1,1.6750892609295898,6.766204273312063,2.0231970228887857,0,1,8.213255121409455,90,9.111974888825458,1,1,2,161.5536338864483
925.4161143439939,89.14385846284314,3,2,5.066979953582822,4.824764072345702,9.913805623603377,1,1,4.177656053759443,94,9.024062592993118,7,3,18,110.54771310240686
2440.3711001338834,229.61002003979735,3,1,4.683418230302723,19.54558400406794,7.3804272797035235,1,1,4.32954320562714,13,13.845868882296138,6,0,15,154.02062106389263
1260.415133955687,123.09085932377616,1,1,1.577860490738502,9.777763918562247,16.506162963100195,0,1,6.224985199437928,973,13.955628481318387,9,4,1,97.48457348325508
975.6393010602546,86.57944267983002,5,3,7.708944203104786,17.707918166568675,12.984012039486839,2,1,5.003959034783586,834,14.091752640535857,7,1,5,137.93563224932137
3361.9909505839996,314.2725599245091,1,1,1.7059807107705625,12.997402469149668,7.384462672129137,0,1,4.732240868632024,805,8.138780765150273,7,1,2,158.46037851949188
3407.2064893013103,320.1660820911953,2,2,3.985954843295989,29.530542222087117,4.581706670804227,1,0,7.516663511873322,945,11.910558127392617,2,4,3,170.9649125027788
2982.672839914445,273.71920479649265,1,2,2.889938159855015,4.487419280026973,4.05279430449879,1,0,7.556802216529811,742,7.716331812743697,9,4,19,158.6304433725822
1622.457176768101,149.68811645684468,3,3,5.703102338871838,13.937957899074306,21.751849411370024,0,0,8.771619488599505,834,6.906098330744498,9,0,18,118.94317859552385
1063.7147078172366,90.06920698512728,1,2,2.51712129219687,20.41369879077976,6.843471241716814,2,1,5.923959968810831,804,6.846324573473693,6,2,18,103.35441902045814
2647.4291715828235,250.48045851567298,5,2,7.405970164197646,11.86635251639906,16.64105554986324,2,0,3.511595637183052,438,8.42107620863594,3,1,14,165.26258835794076
1988.4117330969236,183.64595899310487,4,2,6.668915510483059,29.240995556120694,20.45646227167039,0,0,4.915664694450204,538,9.299576197798217,1,0,8,109.25859628990882
1129.5032340809028,108.96367132952086,1,1,2.7413573970862073,21.65662883780805,15.737951468433666,0,1,9.860038242377719,587,13.309491710550684,4,4,12,102.13563905026876
2136.977657300429,199.55547195260743,5,1,5.759463221307758,19.709515726934793,21.629565559526696,2,0,7.173810026628915,968,6.198910934727121,3,0,10,149.87545885046376
892.8490070110897,82.01984660645587,5,2,7.4268623361286386,22.7117780283367,10.417449316683388,1,1,7.968159593607142,876,12.349258473948943,1,4,17,141.03331601650268
3255.1650856127117,294.44082245665845,3,3,6.118162951363888,28.57945914116151,23.949332575574758,0,0,3.051504807377902,936,10.314549141893053,3,3,11,133.71966251704296
1498.7059503200458,132.15501973115005,5,1,5.714664325693337,27.234559589539206,4.1954801002743265,2,1,6.627440125277646,811,7.879453426759925,4,4,2,161.96861250953503
2588.8101677557515,227.5347336628006,5,3,8.367109109354098,21.728559243792358,3.4515887117809143,2,1,3.2627006027226217,150,9.928195845328247,8,4,4,184.23839810121837
1641.6199054414096,149.69342180136366,5,2,6.691697472977252,22.474849173038493,16.808611508978643,1,1,6.984611484640135,660,7.999420697770226,9,4,1,136.91328762062213
2204.183657180089,216.1599052679365,5,2,6.811911698609156,4.377662221054363,23.627947393918284,1,1,9.445395947452528,8,10.960819552383061,3,2,15,167.62859125300446
2276.117754226855,205.01160242008484,2,1,2.311635148748185,3.083772134779971,20.413203079271874,1,1,9.778933913502854,29,9.338439228552442,6,4,13,151.89639485754154
1299.107029918923,107.5298836623684,2,2,3.767889451283387,17.127135055324928,2.8340046265132344,1,0,6.783868727722469,296,6.6440552907887875,5,1,8,118.46959433638114
3417.878494964308,322.33425678011184,3,1,4.126930604507292,0.5510291082162,7.704825134433193,1,0,6.207433636765511,986,6.165830745556967,6,1,4,186.57341788873876
2892.8586230750093,280.5651554301519,1,2,3.784467247838748,14.470691446547747,23.327653236107768,0,0,9.615119659739458,926,10.4669568207213,4,0,10,129.77568642774924
3336.6471422233108,311.46412483884455,5,2,6.823252276899157,6.3104873975660585,7.073402387218829,2,1,7.715268823976865,721,14.024130332861034,6,2,19,211.8449529145835
3216.0338461546517,300.2132062813669,1,1,1.4809154264565332,10.380497029345188,19.748090170886062,0,1,3.4542949567688663,640,8.439576865576855,7,0,18,127.507142177611
2414.32994278993,222.74184131696575,1,1,2.7486844854670625,23.27414207378868,20.80317270228889,0,1,6.260079043672483,340,12.330001072226231,9,1,5,122.00728371638893
3289.0604345624156,296.5824282182981,3,1,3.747723781457891,28.237125126971595,12.890850483063563,0,0,4.681715129250128,628,11.586613549397669,7,1,19,146.25813254793508
1038.9297555401827,89.26301470096558,5,2,6.125809171929568,2.172488164390245,10.272373836359572,0,1,6.288630250140771,439,14.31554914309481,6,3,16,135.5879463711485
1329.1537285316922,121.89461473360161,5,2,7.066546867568392,16.027266179293353,11.80298637807423,0,1,6.188259004044532,144,13.209810172991409,1,4,1,138.4467207438413
922.1136800584528,83.12208417728155,4,3,6.837613263360413,26.476004574588,6.44715266476874,1,1,7.075013619703194,942,10.66605258905463,2,1,12,113.73408947236223
1678.3918930608138,155.34674222649988,1,1,3.1501978213425854,2.4752560332126383,22.34538198709226,1,1,5.497393432444759,830,11.570304982341073,1,0,2,115.62367013047073
1849.4286821616015,175.95854869245358,1,2,3.237683017173606,24.735421406905015,11.81487176151419,2,0,4.149893146191497,747,13.983864665840349,9,0,8,110.77386655935854
1532.6423857895188,139.47328848026117,2,2,3.926828823172582,10.73404052784814,22.179026570946395,0,1,6.526036042129694,519,8.995187845869347,9,4,18,94.66241041398814
3037.5912747102093,286.4408132026015,4,1,4.537751395372198,9.66284106658006,3.536643517750578,2,1,8.811420190420336,976,8.267947058577773,7,4,16,189.64519815383287
1763.233982072691,160.92798838503916,2,3,5.165083420596484,29.323991589443573,24.71860650400315,1,0,7.648085596473216,45,5.108110836351964,2,3,5,108.32803024125053
1558.523176155928,149.97800102921448,2,1,3.7283549750308973,6.025772695868826,11.63855409864684,1,0,5.368575061476511,955,13.265510741914643,6,2,13,104.57628724917842
2265.2794245272707,210.87629637395054,2,3,5.15590709173863,20.795818224680428,2.147939689458531,1,1,9.548661159312001,239,13.009807004033648,4,0,19,177.64932694091578
1180.4954074318591,107.48887164581214,3,2,4.576285153941027,24.643221840295993,1.912524357698918,0,1,9.385452998744276,952,6.044545181001514,1,4,3,142.40068712057183
2965.931848035907,275.8815389852802,3,3,6.269403105875977,1.2355048583781503,18.908974179564126,0,1,4.465438795688692,944,10.768573811327002,1,0,8,169.11237869144068
1001.2867379353812,91.55184374340907,2,2,3.9756965525635923,20.111563750632367,16.81685282088834,1,0,3.2759230958425407,155,9.639816981668874,5,4,12,66.78915699381231
3464.5947288213965,322.4265214959076,4,1,5.224306551659081,28.54649923065981,20.251133395062098,2,1,8.189160958455336,181,6.187090955091115,2,1,2,176.4040740928413
2885.060877100975,271.812686475268,1,1,1.8225963249078898,3.7265990018417803,3.528820814867343,2,1,8.793271829444073,215,14.805682270607235,4,0,11,170.8275213322224
1336.5323401422656,123.72777640713822,4,1,4.810852362869394,26.88663908055115,1.8537008088531604,1,1,9.775051961659486,88,7.146958874633555,1,1,12,142.43826824479902
814.9097162337265,73.85726837384429,5,3,7.79111010128411,17.843299121308082,13.205902946741883,2,1,9.228854758618175,256,5.6723418009056115,4,0,18,147.96917183564366
3001.745856828052,273.24460907477186,3,2,5.471119075748681,18.49813745587422,10.302285555586469,1,0,7.203743377444904,511,10.948473795019096,6,2,13,157.03315950170668
2708.5148283885665,254.5169176537564,1,1,1.8158873623794543,18.38832524596818,12.08672648010294,2,1,6.710366374486666,73,12.388666771330326,4,3,5,149.86750129766827
2768.319353710666,258.9182290917345,1,1,1.7701346343128865,8.965076590119414,24.798121812886578,1,0,3.194887358838104,931,5.32443446047187,1,1,12,119.68477228345955
2882.4299360520536,261.8680268045982,5,2,6.528967049218817,28.05605445898379,24.297998984096083,2,1,4.726595127913445,179,11.587176387270222,7,4,2,170.49797768202384
999.920559682044,97.07009138406569,5,1,6.227006900858384,28.42051387893116,23.615569352156626,0,1,6.217303262130486,212,10.322918759514543,2,2,5,105.99769360269718
1767.8574670695361,158.2430385277482,2,2,4.155850901065609,18.759139806418435,19.812224242424172,1,1,7.399527300584975,805,6.032650088750485,9,0,7,142.23469715504314
1112.8464607178503,108.52954515685775,3,2,4.775615887755684,23.50268177824844,9.516192646165369,1,1,6.900762833228875,234,6.725238769463621,3,1,12,135.47247886911427
3130.3792498641023,294.2515489483102,3,2,4.64531064622107,18.36773957643474,10.891142326306518,2,1,8.198451927771835,465,10.679742973160806,8,0,16,185.78913082075243
2482.9049424344066,232.7601967651467,4,2,6.938086706613856,14.531953427221218,14.190785049254188,1,1,4.958368516209286,751,7.963576135132884,8,0,8,157.79463265516029
1693.4246671021529,155.4341757779548,2,2,3.059778472437581,19.82460354897752,20.93282695371616,1,1,6.954668253567313,223,14.38315728651316,3,0,9,131.87214462156297
971.6075457722638,93.14123991557557,2,3,5.2465860016008605,16.590043577758752,2.6491079804384263,1,1,3.6169957037355447,631,13.187402294840508,4,3,15,130.7278698522096
1639.6522686322878,157.70555573214543,2,1,3.6457017741080042,17.924275878957904,11.183125261237315,0,1,5.895658665082449,825,14.835672065136631,2,3,5,107.01297682749698
1677.994969472217,158.84749226950981,2,3,3.30659311925585,23.51497660256586,2.9828239230224485,0,1,8.251125830682208,264,7.59670838950414,4,4,13,154.05294527377217
2769.9366815127732,253.97586760390544,3,1,4.39707003003809,14.427114943469546,13.351782077764277,2,0,7.853805974003308,207,14.69723632797977,9,1,5,158.33915071698593
2521.405172659075,235.57557545180538,3,3,5.889872699251956,1.222623182774183,22.57361977614965,0,1,9.934499160205252,607,9.312338697915578,2,2,11,160.2516792295791
3195.474404956082,302.51974715189516,2,2,4.1280274321416295,4.919984429684917,19.77963818953451,2,0,4.9452378819142915,885,8.475187953137546,3,2,10,140.69336885343577
2074.980297937263,203.76116058115525,4,1,4.838381017738955,13.158216494686151,6.468218021034639,0,1,6.487325094217854,734,5.503495269693532,4,2,13,152.84418330091808
1122.9044640334146,103.29175983620823,1,1,2.5376967228230383,21.74479679622175,24.423780390371018,2,0,5.306712896417977,366,5.527652578596026,5,0,9,77.7139947417738
2725.7609255020866,257.512605509801,1,3,4.181559670835679,17.798359449305362,17.01640955311428,0,1,6.084221798414223,276,11.920112559466547,1,3,14,155.77643857728677
2854.119631265623,270.820116344998,4,3,7.0658599447671575,19.508825576203616,1.2502647855376736,0,1,8.998650909085717,380,9.579289944340278,7,1,18,204.7520834401402
2315.44843343764,211.0431344714079,2,1,2.5505696965207036,14.37836785728862,7.129923632445268,2,1,7.789463526319406,743,7.265216260361057,7,0,15,152.84641535631232
2881.6113858773147,276.61208933830994,3,3,6.9411461169170945,18.472260658267285,7.257119198077997,1,1,9.177088339433073,309,11.139703063252327,9,3,10,191.74161545216276
2133.248110183855,192.85282601566286,1,3,4.0049655098666355,9.870523134439866,2.6621033508606384,1,0,4.424577758323205,631,7.528581182501112,4,3,7,146.0851458226959
2211.378639331384,209.48200316905044,5,3,9.14490289873023,14.105477780899951,24.035836433822297,0,0,9.113527824890067,268,10.776317543444225,6,1,8,155.41696595105583
1954.360749568084,183.08671253261033,5,2,7.963784692589098,22.328371967848668,12.47812706982217,2,0,3.418335919248691,945,8.592087469826904,2,1,3,140.2788547569876
868.631642209057,80.9737573612122,4,2,5.11082451636731,26.154983369193634,22.499550336925168,1,1,9.220194963060067,785,13.23552226611819,4,1,15,114.04204420555203
1091.306852881922,114.11657303997377,2,3,4.672527019598655,13.009660018691667,8.73317208267108,2,1,5.303516456225095,64,13.206961607667793,2,0,16,133.29236874582782
884.8588013541824,80.69710646916954,1,3,3.481524497012529,1.3098497312208357,4.005605690387851,1,1,5.202113433898465,810,9.773503981224014,5,4,4,126.5700031656745
2518.308110412207,232.364095493651,2,2,3.9758969592564686,4.85017632440408,12.384066637749132,2,0,6.584620036890648,350,8.508191093350156,7,1,6,151.0819578173678
1648.7611489060819,159.82730477036398,1,2,3.093582010243081,0.625834178746143,3.734959233143612,0,0,9.584831314062622,925,8.625597965590945,1,4,1,114.22543685526779
2173.1408661446976,205.6938053552763,4,1,5.114963233946715,19.5978905771199,12.664372071460958,2,1,3.3344695527698374,915,13.05714525668218,7,0,4,137.01155671928353
3250.429479600451,308.37539325967464,4,1,5.527064338009489,9.969438760653267,23.087132349265787,1,1,5.465616825495217,494,8.281794827976121,6,4,11,172.92582063994826
1473.0890187019622,137.43431674911787,5,2,7.7467913846544345,16.274359071581024,13.498435404021105,0,1,8.99600392078335,523,7.09059373706846,6,2,12,134.43323123043626
1908.0338921962002,178.8410616700878,2,3,5.48374387461932,14.798305403513988,15.795993445482004,2,1,5.772381342048267,98,5.846883418753068,8,4,5,152.13709462565214
2839.988074066231,273.33957014572576,5,3,7.7195323928881265,2.4457946865728006,4.759322487371399,1,1,4.394098283179469,946,9.666931208844083,8,1,16,208.53717046217014
1417.7550468273807,127.52967345236017,2,3,4.608988067446281,12.097840833714955,2.0496550211192677,0,0,5.973559269319883,71,9.82132098919842,6,0,13,129.1848185919092
1007.8457565377411,93.11448556189784,5,3,8.001380917941969,6.616833747669698,3.659391092315369,2,1,5.698867510441685,364,13.409087104029071,3,1,13,167.37650853398418
1582.3289228671738,150.98962729148766,3,1,4.213059763202331,12.55199366002958,15.364757816424776,1,1,9.407913410266925,570,7.21238696446064,5,2,17,142.2984545196267
1235.297475585812,113.77983138148274,3,2,4.908404327141439,6.107348410267281,3.280280775815312,2,0,8.333540630201679,802,8.809912736683998,2,1,7,143.95806261720864
3310.1836613249475,304.6653327406724,3,3,5.327257581873889,25.213572188308007,10.023829358591474,2,1,6.5358088902080445,763,13.084057388936909,5,1,8,178.73552393857548
2981.925024823926,280.1132573700753,3,1,4.3410297542884,5.2258000973476095,14.202206570995745,0,0,9.918593967050999,276,13.236236107489734,9,1,13,172.38654338837597
2510.1901425781434,239.875692577967,1,3,3.8038426156330485,28.82341654460931,10.327667167116328,0,1,6.256942718931463,50,8.846110759787681,1,3,16,151.9785129394728
3152.9435935068377,292.2042880227559,3,2,4.788743632788979,12.477220984408223,4.928411235167236,1,0,3.4076648157419265,358,9.59124023286681,5,2,4,158.2251561165532
2969.9146076276093,275.0621189445512,4,1,4.972693662970953,25.38735876057148,7.5709913803385565,0,1,4.835920252704894,728,8.03285890849283,6,1,8,153.68671687075528
1303.7391589922968,117.87892774196722,4,2,5.880050541459919,18.862944546178355,23.279620788365847,1,0,6.052493361535188,906,14.32554878419312,7,1,16,111.28956660222606
3209.90929592294,296.7206893742125,1,2,2.8167494722439494,22.06050895997258,17.22357461407253,2,1,4.098318369022841,928,6.186437657415803,9,1,10,145.83434672317708
2256.224053172257,215.02124493885358,3,1,3.359937346533405,23.03171664200341,12.905148128317277,2,1,9.632955884268302,564,14.3374942300147,6,0,12,159.4620268287726
2980.088418942969,277.2555284732701,3,1,3.9438762665241707,15.145346456790534,1.3051573596854444,1,1,8.36794228472441,783,11.838664518353433,5,3,12,195.13112758661276
3219.4465097934317,295.0616274551584,3,1,4.351476895953434,16.29901570089865,24.817969611747284,2,1,4.878010402994409,485,10.315721526867312,7,0,5,139.223759063093
1658.6093824240324,155.39662352881092,5,1,6.132322002560644,15.41987603426175,17.114918437471438,0,1,7.135631734625411,84,5.326590607844959,1,3,16,153.27446523533368
1097.1401962247273,107.18029428420736,2,1,3.474060719550322,17.641751342702378,8.60613945627868,2,0,8.050144099767003,899,9.755961918220084,5,1,1,111.17734665101821
1415.4249388632425,128.68354850265808,5,1,5.635727488839996,0.8818333726952188,22.102447839948116,0,0,9.588952502347585,805,9.077481050027323,2,2,9,137.2828587135424
1953.191029290892,174.80842052314605,2,1,2.3609707604410994,11.865455095470457,7.202358887003634,1,0,9.171447444227875,638,6.612188119751226,4,4,12,143.71836655765208
3008.6398679907315,290.4567695357027,3,3,5.8770750105110015,18.185661406835145,14.056397900386038,1,1,6.606345582967496,808,11.56409603500657,7,4,5,181.95725449837235
3123.9725747921275,283.3244054479724,3,2,4.692881690725652,17.93170695767593,16.2656983295158,2,0,8.422568338551123,584,14.711509073682858,5,1,3,171.37759274343964
818.770752434215,74.26869008185965,5,1,5.744832508396126,23.788682838168945,6.305520914889483,2,1,6.935013276793095,296,10.621888110645251,6,0,5,140.1778269385768
2179.017716959427,203.59138846482412,5,3,8.105874859040563,19.650280164963256,24.4815346912143,0,1,6.86892723031878,236,12.147532764439458,2,2,2,156.19141930784645
1927.0097085017032,177.65706341358674,2,3,4.7484597304476726,29.763999490220172,18.956605743495942,0,0,3.8031937083673433,56,5.684504525660168,3,3,14,100.91263479410381
1399.6910882709717,129.65674787709818,4,3,6.374965755396802,8.515635858259351,14.387517412265678,2,0,3.8829636061130643,919,9.176669958169947,7,1,2,121.05388766976742
1123.6364918009435,107.27002092768062,2,2,3.720502636059001,10.774530889986945,5.334270356207221,2,0,6.706735305157202,360,6.163584851644959,2,2,13,114.66924171593149
1711.5609627897954,147.04540515460803,5,1,6.170029683430401,11.515414556033889,2.292596967952627,1,1,4.882030814853046,907,11.127958355365104,6,2,7,159.09238903875968
3345.856200563802,304.4955686747579,5,3,8.335740300503458,13.974384210607456,8.681435980503604,1,0,3.1472583172232804,110,14.384821582141546,5,3,10,182.38881142868578
1672.6479164560392,155.61028836911768,1,2,3.3307113920416733,25.079941913436283,19.076496061921667,1,0,8.059874427301486,192,11.617777324716386,1,2,13,99.28808638316502
2200.7346787070883,202.42716659202043,5,2,7.212236547123955,7.073762818776296,7.463951159248602,2,1,3.227406176831155,904,5.768030483144216,4,0,16,188.60097106317374
2698.1511890169804,251.30530175105545,1,2,2.915953267017378,23.280006211062883,13.949349291892123,2,1,7.166937887728382,93,8.546662049850829,2,0,14,157.44652950608665
1781.7999264240939,166.66747957795482,4,3,7.202457049479564,12.159305492572303,18.470732241537835,2,0,6.774356558891201,862,10.506633794408515,4,0,11,144.60692867386462
3423.811623346594,307.49249983154357,2,1,2.9788321709008816,18.055661509860254,3.5906491515151444,1,0,9.78170283404463,568,9.032077561332521,1,2,10,183.98006891429395
3398.6076963437004,322.098856651088,2,3,5.056548068910119,18.976215996789183,17.44715238678096,2,0,6.389491975433492,60,13.336440104751723,2,0,6,164.34682862763404
1479.812198728483,134.98321384637433,1,3,3.53033663106703,11.185459115668033,3.204901305041073,0,1,3.4452100546445816,650,13.146710047099893,8,3,4,124.7781114817545
2142.570965909441,194.71727680910703,2,1,3.0219374818803577,15.378456156174154,24.163113811047918,2,1,6.8618157746452315,39,11.118310201032214,6,2,1,132.99778600767846
1612.371436505278,150.83108293113673,5,1,6.189333117125706,12.39093523943091,12.72145912155855,2,0,8.887673194312711,540,8.734579451327052,2,4,7,148.1702391878094
1569.0693348191626,146.3023423436114,3,1,4.170563656719854,2.073983585598583,4.616226585037057,2,0,9.97794498997008,49,7.553363737632441,6,2,9,147.1021002652488
899.5947578572385,89.55580709321065,1,2,2.356240486970351,13.114961664504797,9.217207264805115,2,1,6.012402215823507,420,6.058743182131293,9,3,8,122.70040059163098
2445.8237017457213,228.5763877060276,2,1,3.0481303882016912,2.921801776606565,10.921994783086275,2,1,5.2420911974771975,637,8.54897683486554,7,4,5,159.21747524565265
2157.233362717926,206.1975336366168,1,3,3.2780552112680432,12.150623972409646,19.196440265836898,0,0,9.346573078663992,13,9.131725172077196,9,2,19,110.82262597238929
938.9926283749712,82.5415282988963,1,1,2.086838323069263,17.787551994953457,18.842170865838625,0,1,4.33869490353285,992,11.758229251040735,5,0,10,73.64143194323688
1552.3454534388509,144.92219790050675,3,3,5.649331404198643,17.382446980305023,15.686572128095944,2,0,7.308002405230487,36,11.581598242975735,7,1,11,128.96735351023995
3252.3178921099648,296.56659364039126,5,2,7.852821471262723,19.87863837024961,3.542337101403831,1,0,5.840000969266634,101,5.70108139641257,7,1,15,186.66872179324045
1446.8171048008255,134.89768831379808,1,3,4.059621664647945,2.857845238638789,4.637664918104166,2,1,3.287576554688887,794,8.952593154311579,3,0,6,141.93825507311405
1191.2161546463024,110.09254098863205,2,3,5.400582009911961,19.563697365913136,3.250166095493359,2,1,5.431019320139884,86,6.817788672173619,7,1,15,136.54506157305815
2121.52245274942,196.30294873441662,4,1,6.05543631851214,9.364441700893412,14.852146798901202,2,1,4.856599657518722,516,6.568127053168057,1,1,5,141.98602591531917
3461.256226098622,320.8080656427538,1,1,1.5912990944556396,11.971378384113333,22.051322596273696,1,1,7.802638077604408,223,13.27302149737246,9,0,19,153.42632488202474
1453.5492330810512,138.71667110415265,1,3,4.217837455452956,25.739587617681174,11.411212294114524,1,1,9.641533483843427,338,5.419152167162576,6,0,19,134.03398389770808
2614.765977995872,234.8749610708036,3,1,3.407044495383577,0.27091212388650754,4.860356174985909,1,1,4.876330311650465,960,9.191828759021213,5,2,10,167.27309678865183
2856.3729613875375,260.8581087989814,5,2,7.17244850412496,17.652379000218165,14.393015803575208,0,1,8.680261574061772,166,6.682036557665182,7,2,12,178.1948926831665
1441.621368779479,133.72376602588773,4,2,6.882854633225201,17.961419403003227,20.48205320477704,1,1,3.3875187185688667,383,13.79330215678474,5,0,4,124.29367105786774
2766.1841412520207,251.08519127495646,2,1,2.6860583927791053,11.89979329030686,18.80108947631032,0,1,6.766847070278692,856,10.570405132750352,5,3,18,155.88948064092344
1793.0144583419838,166.8016137109755,4,2,5.557022843352702,7.1108357132500855,22.154818712200512,0,0,3.493850445969262,895,7.31380636376848,7,1,16,122.85711114885987
2507.2257426026645,232.66700888158215,2,1,2.9544128832407184,7.040221147846532,7.669650333972828,1,1,9.538230937914475,376,10.024272871663765,7,2,8,175.979177508373
2510.5302190544157,226.2094741248923,5,3,9.022908644044144,26.511290089822577,5.654892814426597,1,1,8.364458963901733,471,12.314863597031158,3,1,4,186.19420220292318
2246.591647001848,201.4425382752003,2,3,5.385519459976628,13.260731213485727,22.11559566260653,1,1,7.605649378432147,790,14.581180089194337,3,4,12,144.74576201947946
1043.7823791469025,83.8484418450009,3,2,4.547542673971995,9.926680889675158,16.781447506672553,0,0,8.76727467137265,642,7.20446004245419,3,0,2,113.06689016366042
3055.3167380909426,277.73557472023896,3,1,4.7275302912408845,13.46332721494209,8.4622943201813,2,1,7.532638568991142,31,13.861817721293452,6,3,4,183.04385004009993
1666.1061754236866,154.8528799879135,3,1,3.1724685038334064,20.08171204378084,18.81635321374022,1,1,9.782610780220038,375,14.343041141674902,6,4,5,136.90416369892094
1303.5999780796064,121.88537707829981,3,2,6.0682795644013625,4.372697047342551,20.56284122752883,1,0,7.997705635053401,11,14.164205445320663,3,4,3,113.36960539200629
910.0928821978625,85.55712655432367,4,3,7.42822534000758,13.483015056412132,15.759477768187176,1,1,9.472610267075726,988,11.354143568619097,3,4,9,145.6959334902509
2395.4109466082527,218.64408287656977,5,2,7.881778720003359,17.636531133311607,17.50921863711796,0,0,6.619923244074466,302,11.298206544347078,8,0,18,138.89262795459064
2629.4237769741626,244.18195146079225,2,3,4.176100945807982,28.457500645543014,10.006237706623992,0,0,3.8194508908730387,96,9.032106331838229,8,2,11,124.27165822619943
844.7871381052116,80.46694817618142,2,1,3.0847209154298434,7.575833462262578,13.928696016232937,2,1,6.697244049961119,190,12.52397882303788,7,0,3,129.79406746128868
2182.651257408059,196.4281240657029,3,3,5.933055536717142,10.777522437487367,13.579820097427895,1,1,3.888109796441653,453,10.312940183509319,4,2,2,147.46509957303826
1411.5385930344323,131.74858066485146,3,2,4.496510263276679,11.380757697672713,21.353146987138526,0,1,7.147454354234835,192,11.774380712282944,4,4,9,127.25282746305234
2541.9665341055147,239.43109707757776,1,1,1.3519881898743038,18.166144729346485,21.15913552677238,2,0,6.377451423693641,486,9.284579038487955,3,4,14,135.79380576633432
1270.789358313477,115.6024707382076,5,2,7.253540629379774,10.70196159120005,20.984331264329036,1,1,7.358027784829472,266,12.314964640431391,5,3,4,121.79599036930264
2665.5318928766583,252.93908449998958,4,2,6.298865854056812,16.00535775899087,1.264758742299179,0,0,3.070328867383821,424,13.24471517604549,3,2,9,169.33886399505917
1844.185435011451,168.98765519343894,2,3,5.649987023362876,23.453709895350883,18.989091627253316,1,0,4.363883441587548,128,6.464362566028161,8,4,13,118.87407014974367
3329.170969589183,304.97967879921976,1,2,2.748289473336585,21.161567823366106,19.208233362664117,1,0,6.439313023384916,238,13.32929715574228,7,1,18,157.03972761046867
1171.3065491941818,111.5985843129041,1,3,3.929195094922095,13.391059395377567,17.281091748523405,0,1,9.653524931123943,920,10.402965317903073,3,3,15,107.35821343399249
1720.879147835698,170.03614168126862,2,1,2.308770037526954,25.926485330225066,19.15035178939486,0,1,5.685263282486109,355,13.446659090902243,9,0,10,117.74414098660131
1106.3785073495906,103.209331427216,4,3,7.770392905997374,16.744207487815885,21.20728891592101,0,1,5.9706041823754425,940,9.313017063410147,5,3,16,115.83510933503142
3296.6727693521193,309.43543929338045,1,1,2.0347740438786217,16.197175185066374,12.287657298442856,1,1,8.002872623046354,112,8.79040485383035,9,1,12,171.0198832664907
3168.816254128649,291.83944390306226,1,3,4.361294250810053,1.0256329781747453,13.049205123722732,1,0,7.2265493010028266,828,14.150607325172224,7,2,5,165.44002333263452
1496.4423948309202,132.81141738081234,5,2,7.378952698055506,29.600789410714846,3.9931373658733715,2,1,5.092483050688333,446,7.511692675484013,7,0,2,161.26249992991367
2581.9569242922835,240.6951264962568,4,3,7.7295535786509895,3.6891242558888013,10.249021193136684,1,1,5.875714768971994,343,13.442123252861432,6,0,10,183.42363332095587
3006.4999405432827,280.9258443354105,1,3,3.5843002663662733,6.933927372829398,16.440764317882824,0,1,4.523898592000627,145,9.840205725094041,2,2,1,136.82310074821606
2299.0421913185482,211.79146412158732,4,1,5.348793300173589,1.5509051172458088,19.72959462753459,1,0,9.76215021391146,65,10.140954425512597,9,3,7,130.3471871294833
2230.0565615612177,210.32753715914464,2,2,3.9874956468454794,19.20008900510741,6.213018344589053,2,1,3.9144406709015183,247,8.08468281489484,6,4,17,150.11839380754236
1453.0011854312197,131.7134100774887,3,3,7.052838533170315,6.7410353091804,4.30774957982165,2,1,5.6028574919649365,735,10.730422006190157,8,3,16,154.48390466024833
1051.3774730759278,93.16253591949499,1,2,2.5828179105019915,5.400313124181705,16.913008108011812,0,1,3.180872805540078,991,8.252111962762113,1,1,3,96.01705656317576
3222.4825464739824,304.6718432198638,5,3,8.585713173881937,2.656667526697242,1.0451172045978554,0,1,4.552456443534824,490,5.392694142416524,5,4,14,207.6197308568394
3231.128754340992,305.49859941098634,2,3,5.175170889614199,3.0992687137204697,5.280942023375916,2,0,8.463297968661085,825,7.71998605344356,1,3,10,208.4259670413393
2509.3739346378234,229.9491229986754,4,2,6.148928047103011,17.540121013277663,1.6977131282548896,2,1,4.408226626022156,439,5.063790434065907,8,2,7,180.9960090060938
1715.380435831492,167.9530949407697,2,3,5.027010363023745,20.646235975997865,5.005242828516902,2,0,3.560443817702759,106,14.783547870568567,8,1,17,127.66085114601505
1742.8658514541844,160.47670413744248,1,2,3.6733329114183935,11.92136965393203,5.3516627182121255,0,1,6.321172258911663,181,14.657472098197475,1,1,6,132.851387505044
2760.0803329496466,256.83537725424196,4,3,7.131925850536967,14.396912447762197,10.30416627400946,2,1,3.0697846431416296,184,8.95155297472305,9,1,4,175.21850812542314
3222.197701871958,298.91890379466275,3,1,3.2377923309395116,20.579032079489522,10.655850992477344,2,0,3.593363080984332,226,12.283708543396461,2,4,17,159.00193643194626
3195.133345515817,299.4466888856478,2,2,4.609751784356122,0.5213937055643891,21.982299294645706,0,1,8.653381086940826,777,8.45806098410425,9,0,9,157.45917939447418
2905.6639738155845,271.2932906364725,1,3,4.518100916065861,9.693919712108357,13.242633099971805,1,1,8.400313414017244,790,11.71093157085976,1,4,4,168.03573839654416
2533.485444616577,236.65060861278826,5,3,8.293568842106424,29.192932442110394,18.36171437469487,1,0,9.405971742834272,909,13.05430043045979,9,3,7,164.1017087049468
1027.177905486632,90.32701926110867,4,1,4.435763185126227,17.403366890864042,3.4992965900868986,2,1,8.981608051375247,89,14.467562446922408,4,0,2,138.7415394348058
1236.3975280554573,106.41851877240356,2,2,3.51344231988934,7.626737396924797,6.410530131128652,1,0,7.782228942678727,688,9.00212275849672,9,3,17,141.55650711818697
3226.096309023114,305.41514724951156,2,3,4.061278557381946,15.651901399086395,17.87064258348824,1,1,3.36633000110464,530,12.832979829560477,7,0,8,151.8107929696414
2437.358461080893,223.70337103971625,3,1,4.230164936589907,10.27960464362746,2.267295051244674,1,1,8.479940325906602,371,7.659284506321188,6,4,15,173.5689399089703
824.8320393649001,76.38172958983183,3,3,5.325225575912815,15.967349664788973,12.678343893850075,1,1,8.918575675883924,972,14.903323037936483,5,1,15,124.75637622716962
1073.9731657382868,101.40610164653573,5,2,6.140624553568918,3.772245354199465,15.384855175910413,2,1,8.59357502040368,936,5.257695987643512,9,2,8,156.65842108351495
2591.4547765917505,248.89119676211993,5,3,8.637494559650023,3.9814396145783215,15.451495457259545,1,1,6.559353247156182,913,11.035288065011208,2,1,16,176.73683372451035
813.6662763847904,76.39638669935957,1,3,4.384089782231423,4.306270861181786,1.5503874704330087,1,1,4.630312870546372,399,11.59505981651327,2,4,19,127.94184971763278
1234.1817388272464,112.6814957224307,1,3,3.8334141675845363,28.19459375780525,8.730592101500452,0,0,8.917309829821086,106,11.880455570741288,9,0,11,125.32171505031198
2281.5812312897824,209.34117448038648,5,3,7.9329767083714025,21.986967550240255,16.275775625179698,2,1,8.090139668180969,271,6.20387578789089,3,1,2,172.06922136464632
2668.1170337702715,247.6812882310485,5,1,4.7963278965080285,4.8714568398696265,4.575993667581843,0,1,9.865328220721961,975,14.385297834731304,8,4,17,204.10774058684024
2560.2954006570217,233.30461887283423,4,1,5.45837245952961,5.650472512968044,17.68997555987328,0,0,4.08984818429153,831,6.811832790500828,9,3,16,137.16868788580265
1405.5271355435116,130.71784950773727,3,2,4.653634267755658,21.92488424612629,18.90220501152819,2,1,4.579652081364385,503,11.22753403239841,8,2,15,133.27837546439267
2722.8838976383468,252.69581564831233,1,1,2.1651454315665704,4.684915343765218,24.567260570707486,1,1,4.482587049170519,679,7.226760791230849,4,1,13,146.20468012050654
1440.5725362413602,142.03682336004312,3,1,2.755718869104258,7.03683880004486,6.036207876553826,0,1,8.547778373349356,525,8.072164170212709,1,0,15,139.0261395805274
1678.579185030023,155.52200059633452,3,2,5.488784016080773,28.90040498461197,20.803136023986767,2,0,4.308351075150827,849,10.464585417281244,4,3,4,99.31343848295573
2815.5267938186653,251.93999834050976,5,1,5.623577615307138,7.6591957418529555,13.487117846047697,1,0,3.4666188087631427,32,9.171934185645764,9,4,16,169.35856208506107
2554.0088274274794,250.63497491999522,4,1,4.311978868105323,19.848970511134404,9.963102307460161,2,0,9.989925646099401,393,6.602256009765063,2,2,12,171.73512726301874
3092.9032083342804,292.1148767100351,2,2,3.8301991827558166,29.358938622015913,3.9370421758042706,0,1,3.173720480116044,40,6.709364024208483,3,0,4,159.45415106895317
2575.554809210927,249.68078549617303,4,2,5.701802391032258,11.22890301419378,18.652134555700904,1,0,8.846708421112059,660,9.181447881627996,8,4,3,159.21322218491645
2334.4332290057737,211.08224703971393,4,2,6.537133806454933,0.5254797258618671,6.66058237944849,1,1,5.557567890854569,218,12.572829782755008,6,4,17,168.70215313015333
1052.9218731358496,96.70730810803897,3,3,5.789802438819186,7.324418712671228,9.914128044953099,2,0,8.891308218304708,731,13.979646468477885,8,1,18,148.72059392076682
1792.8326682604707,169.92616108886932,4,3,7.681308513306684,24.926315740251162,2.5010134455368425,1,1,6.882343438478015,981,5.841276622593829,7,1,18,167.5617929736243
1516.0463927406586,143.52266674702946,1,2,3.1650713078945367,25.9382650786511,20.232805979668456,0,0,9.311418606404521,82,8.931039075594011,5,0,17,87.03845964933254
1458.7720371235257,137.0546107855733,3,2,5.447183943606188,23.055580935713735,19.39812457531944,0,1,9.483350904902387,845,6.002455637228766,9,4,12,131.60881547017826
3427.128497831603,307.3821838560532,1,2,2.998916773386057,3.393294572297191,18.606779921015498,0,0,3.063687268965432,720,5.165924806325979,4,1,4,144.7338398450512
1861.363856600253,164.35850499034194,2,3,5.636029491169942,23.865311150892094,8.18664425180528,2,1,3.5278852319495178,201,11.617186826439566,6,2,12,136.758732038654
3208.525698978206,305.6596379803947,3,3,5.4231880048586625,27.560333909805127,5.163521782382974,1,0,4.752511106995988,447,11.024494419665878,2,2,15,184.45278857561954
2504.0742901926096,241.10514922324188,2,1,3.0568122287471633,18.018286276387084,16.301278347285514,1,1,7.685207914544511,844,6.630191138148862,2,4,16,139.14141854473448
2945.9905195624506,273.14926281016966,3,1,3.8017820852842927,28.226260690141945,12.907993218717266,1,1,9.217905375580543,428,7.338128330930641,2,1,5,165.3488649230325
2157.1201513840188,207.34859943560724,5,2,7.698314239753656,24.805166511356322,5.278059205711398,0,0,6.21959365905774,38,5.237077536445184,7,0,15,161.99971516298743
2357.64048849117,213.90866255011318,4,3,7.749517202329713,20.00914550972722,17.46187050519673,1,1,7.248811813919858,211,13.349472056944037,2,0,17,165.34273389558493
2129.797773310933,193.88608287324226,5,3,8.000210629618559,17.315557101352443,24.78703436371129,0,1,4.319498969568928,444,14.746905960485515,2,0,18,134.72583621948283
1327.15606705472,117.78139702006774,2,3,4.354244449452097,10.457210017259115,18.933270105808905,1,0,8.634767837171797,327,6.354595367946908,9,2,5,121.60507103623061
2750.6207112060647,251.28306634260016,4,2,6.213548658395834,4.778623357284154,18.759673280454685,0,1,9.771296779474287,761,7.314752137652981,7,1,13,173.86337016766493
1558.0853785903105,148.35961171865296,3,1,3.1676951324831166,18.148617680716224,23.8075060703342,1,0,4.880192530402182,227,13.68409523946934,3,1,19,107.80536589053527
865.6531093649254,76.10741199468434,4,2,6.813071399391555,9.543346608543585,5.8704728217976525,2,1,6.463781661203824,48,14.264637979561849,3,2,13,144.42617877926676
2542.775198949353,247.42253118203422,1,1,1.7634149646819808,25.99316002582936,14.57319915811457,2,1,3.6028127735446165,18,9.196273828068104,7,0,18,128.64946051609465
1278.1988343990322,121.04502474740727,4,1,4.984714918291252,29.800108120758853,24.511521160813203,0,0,6.913956595240778,912,5.5062247226907415,5,0,14,87.99695188259045
3339.2381777528685,315.6378619457169,1,2,2.659524462096623,22.572832878467175,4.967058663284189,0,1,6.5194840929267635,439,5.393918336928194,6,4,4,163.95231742411534
3375.607157906986,316.04360788355933,4,1,4.5491092066495895,2.7144508586115226,17.806047026668505,1,1,4.011055389085543,807,10.739498660690105,8,3,4,184.45967200572457
3270.133853595211,309.86678325129145,1,1,2.3686456582735262,8.660567865919143,15.059443503325646,1,1,6.0944634918265255,708,8.92895108893179,9,1,19,150.42282992207856
1799.4284906896999,162.82690678738038,2,3,4.920691661474339,3.273288952972492,15.075498212528966,2,1,5.338732564605943,187,5.286524275776545,1,1,13,145.01426584483764
841.732864627942,85.43165081493359,5,1,6.021241269461588,19.515349433751474,17.744095060481804,1,1,6.652816127136326,345,10.832523923125567,3,1,12,113.45961279446152
3306.4601189868586,307.8748394818363,3,2,4.4980544603905805,22.95572593667354,23.310806149016422,0,1,7.099580348001594,224,5.113025365890225,7,3,7,151.0386725431064
1956.0972004567486,187.76776047727566,4,2,6.42802961174852,27.770244926421352,19.78196655643211,0,0,3.0594690502504664,830,12.873719581492729,6,4,12,113.77848247132609
3409.9680114179077,309.58820799384273,5,1,6.4788948675684335,13.14517039235963,2.34726648198904,0,1,8.327041880646888,488,8.064328227033716,7,3,4,208.23143027184045
3401.773938140983,316.9277148863391,3,3,5.895535756560212,27.041269487653327,21.46547247701707,0,1,7.991100043032185,909,5.402580030092321,8,0,2,187.68935038023474
3103.1255297618723,289.0065552987862,3,3,6.633961066665943,26.336734771239826,6.412991918217583,0,1,5.564004703445655,877,10.883522209831533,6,0,2,171.7625115961331
1595.0120085878814,145.08043327291696,1,1,1.9479379228877387,9.515871502961957,10.045939953672928,2,1,3.370551548981728,849,8.976844144330547,3,1,5,116.77253702468268
1839.7638672251983,172.47965741395723,2,1,3.3898777481444107,26.06701876621713,12.081587526697172,2,1,8.284527778495352,229,14.738004133571495,2,2,10,125.31567745720344
3098.0690130955136,295.5086455565808,2,2,3.188536209584951,11.270167556451794,12.541744018073672,0,1,9.686226123346927,390,10.441986625037021,7,1,10,178.72314721676966
1655.6894139219498,150.33278475853353,5,1,6.176715433243206,8.906078236808423,11.444329582128564,1,1,4.6810611721541,979,7.752391810370083,1,2,9,151.43394248237882
1257.6304160524496,121.64313743229725,2,3,4.864259266196533,19.47223976383179,23.496479061180747,0,0,5.264672296159265,589,12.094388646339748,3,3,13,105.21003995598767
2303.3634086375455,208.34534538169544,4,1,5.0777612129774985,9.851436836552432,17.94445618393659,2,1,4.286690226372705,188,7.714920025427113,4,0,7,160.8780672681263
3327.6178902341085,319.68292497596093,2,2,4.055341202827913,18.906262449874326,16.148095502960953,0,1,7.038552863413877,858,14.04243291407565,1,2,5,166.28651336834233
2679.280451022427,252.82815549216699,5,2,7.062849911088492,18.294954164960835,2.1962086667905973,2,0,4.083889762532184,270,8.747219705073764,5,3,10,175.6901810838185
2339.1651592412854,225.93402995480827,2,2,4.3078503646812765,16.903167820453763,22.69391992624899,2,1,5.493357604229656,607,10.498685627762052,3,0,10,138.91226147511594
1062.376533181075,102.0550825279907,4,2,5.71741318419701,11.41259112698393,22.82536460820151,0,1,7.879091097539841,310,5.505731038242288,2,2,6,120.21184583175855
2460.5195120877584,230.53532856159956,1,2,3.2845396297678215,16.454991649544304,19.725113522322456,0,0,6.920811881065439,132,9.261212379522307,3,1,19,128.004971659735
3473.145395281511,326.61987192408196,5,1,6.616262441558954,17.89456424956265,1.1687008915268597,1,0,5.705237950295547,551,13.32363539660995,8,1,8,201.20447745801056
1178.2268411386149,108.77503622500646,1,1,1.2949294975098384,16.370606654864204,2.3747260258629606,2,0,5.9417472126527935,72,13.05648805363342,6,1,1,107.87461455871806
2199.490061382089,196.2434571746045,1,1,1.6097299508853373,13.332583582536046,6.405368854443754,1,1,6.934776178362607,793,7.243185588535263,7,3,17,128.7428954144245
3168.9072942054795,296.628484364023,1,1,1.630732287249407,0.4400117113879143,4.152385795477761,0,0,3.0410530952101293,845,7.260790710105627,6,1,7,157.8100712322635
2800.0752679363522,256.3494757182883,3,2,4.45397710027452,17.611851231034528,10.572064712889507,2,0,3.549569079175269,672,13.173053122132368,6,4,14,159.81317731953558
2681.9425006872234,243.64414873694605,3,3,5.7626511151814706,5.0533315542815895,23.142953394106954,1,1,9.168806474341082,187,14.303984201693256,3,0,17,168.70085152555333
2696.707026765195,253.70554862867968,1,1,2.51655925769992,19.277279068415687,12.329450420727959,1,0,3.5451529236390353,486,5.9536092127300355,8,3,9,126.96214118579498
1770.6261082933388,163.0956230859527,5,3,8.723793462256214,22.78032983768598,1.3216630343719746,1,0,7.947625173473536,191,9.500586394262253,7,1,17,168.73125811766494
1592.697979514132,153.1001643298913,4,1,5.053087484873251,15.013359273922244,7.785896549890288,0,0,9.440267148763368,422,8.37454278964229,7,0,5,149.83743884706973
2985.275119791987,273.3873547848802,4,1,4.8378819945759,16.27090994939215,2.070277800951077,0,1,4.8947852301121175,120,13.706884554574394,6,2,8,161.25820349485846
2987.306165633788,275.1665979048098,2,3,5.40146198454033,28.544356789979734,1.8709029427240518,0,1,5.5934400594166,220,5.835249146800187,5,1,6,165.7681846607283
3141.09526016628,297.55922980095437,5,2,5.81801575287391,25.415020841177228,7.617276474293254,2,0,6.982449840913014,53,7.111259425580374,8,0,11,202.41892496098504
3265.7494919024725,304.78734110272774,3,1,3.472410763948421,27.427095478544096,7.61469612829469,0,1,9.171962787470093,734,12.524683375864942,5,4,19,180.8140297944849
2180.6244769245322,195.19337370175833,1,1,0.8391847966500423,24.412988649587593,19.891038462438498,2,1,9.593339110822942,451,5.512938489812155,9,2,4,145.4007421223758
2154.093995655439,201.4041366106908,2,1,2.467150141322279,3.267550255401943,24.396031666746687,1,0,8.176942736778877,412,9.925353807142892,9,4,18,114.6997082286179
2955.396983210293,281.9625724831802,4,3,6.616491236549,4.469755679105841,9.908970253359959,1,0,3.606338325982858,643,9.421070346797201,1,0,1,184.15587114212894
2554.902613099966,234.95756553387952,3,2,5.738840938968839,15.798713918068788,11.293285092664927,0,0,7.684079088743956,237,8.344011789887487,6,4,13,159.57129891112936
2695.310568595799,253.38464030481424,3,3,4.619469016922006,7.382089763939947,21.274946470864514,1,1,5.872126053108635,758,8.945723153189238,7,0,14,149.3243334445828
2948.640207477473,269.6817406988777,1,3,3.791648699882833,14.300864251234774,7.435336482292321,0,1,6.294906996437431,738,10.29940586930233,3,0,1,160.1638719556163
3203.014422907429,296.876123513253,4,2,6.309783236089054,11.830959714550506,4.753163305682751,2,0,3.344038732416239,720,6.613673583883831,7,4,11,181.6359681042872
1712.5869234991467,164.54850287532287,5,3,8.205365331634546,16.4824271529136,21.474150961687613,1,1,4.337434975424507,406,10.719958782835928,7,0,17,131.860335053131
1814.0739721278487,169.62363034945201,3,2,5.730869066767447,22.406271484074683,2.116014074561572,0,0,8.533595252735534,608,13.054323292999863,2,1,4,141.01346381772808
1053.7512375703463,104.33983928386336,1,1,2.0805257392982943,21.464727212978232,15.872786564785976,1,1,6.177711831335019,422,12.60160929790159,7,0,12,101.08267407526027
2361.35638068967,221.49651978720965,5,2,7.1871390902405725,15.63702397456003,14.487828339203363,1,1,5.1116356914180425,712,6.538999046937737,1,3,10,163.0375261209739
897.0441392512037,94.42909892244103,4,1,4.0807465840987245,24.671802564511744,9.302090740040661,0,0,5.688133517754707,247,6.492494697414739,5,0,6,105.92915910963175
2057.114648957642,183.2813840420686,3,3,5.505865570911595,12.925862746141,8.564548506336616,1,1,8.980796593279761,72,7.681743677449133,9,3,1,170.62482868492714
2265.1405137104566,209.34558697339656,5,3,7.108647628275988,26.90142869520367,19.52458542835891,1,0,8.242993121834697,830,8.610747263410373,7,0,7,157.38012805752285
1573.6613807463677,140.7704733048773,5,1,6.28630405395705,2.1384081016549175,3.0741906583011156,1,1,4.90620778026758,185,9.084555814084826,7,0,16,154.6604688264697
2395.2498035363287,217.43746087623367,5,3,8.174345225878623,28.639800900999223,6.682823423473249,1,0,3.822512881486613,6,11.796972168333452,2,4,14,167.28000697327172
882.3506748354334,76.93445922318158,3,2,5.156768983641758,19.640792442940445,18.578769564114154,2,1,4.763987551508502,206,5.5668043216583545,8,1,6,97.5395397347962
900.8401096228789,84.52667529422156,3,1,3.5592831957709627,11.402235268116158,14.159694009434181,1,0,9.445295157383136,544,5.346727042260664,3,1,5,113.23284287540774
3021.0215137810774,281.78440330437144,2,3,4.513525110341667,5.91462379718632,4.071717004806073,1,1,7.071121864948287,611,8.919105629439091,8,2,18,198.97942185915602
1772.5147318104098,166.80389821016263,4,1,5.104723466148209,14.375496883307997,22.17125474276944,0,0,6.73436146121348,906,11.971636921379805,3,4,15,115.14371254719363
1143.0633841600888,100.57528558774949,1,2,2.665306973614433,5.836749695559029,10.442748317526197,2,1,7.17475519784723,387,6.934353429564826,7,4,6,118.83260759671474
2210.056802147972,203.69315282455517,5,2,6.4897977180838815,4.989948232294265,20.868841007732147,0,0,5.562197860225607,768,11.415044812562517,2,1,19,152.20455941915344
2878.982593366249,262.63600972494265,2,3,4.7458053143709655,18.520552722389226,19.90511237266501,0,1,8.64974914223659,699,7.598281379402994,4,4,1,160.08485513717045
1382.7167742414767,133.13379610839175,1,2,2.669628981982346,15.69254173745354,15.986210715321473,0,0,6.663003745101749,76,13.860861088135163,6,1,1,103.4907851206851
2481.8042847113006,226.20828029877495,2,1,2.566638512685773,20.10288103832825,12.867547151082231,2,0,3.817235319381569,177,13.956899442666165,9,4,13,130.3123038610266
1030.4381554831737,94.65914388440743,3,2,4.387116091621199,27.888176322659675,24.509220169162166,0,1,3.903455873803441,827,7.972872042813265,5,0,3,71.0098295381558
939.5406471552408,90.0848583273374,5,1,6.2243448841694535,15.967806400171206,4.479161737115609,0,0,6.758014025518328,799,7.299937539632405,9,1,10,135.84296825421725
2234.6575052339995,204.52153886375072,1,1,2.7780247197385286,17.427961597883932,18.403737461226754,0,0,9.555991526495873,349,9.113039720662313,5,1,3,134.29615751774975
2259.7148283472875,213.39689977836625,1,2,2.9804978996906732,2.6887901746482634,5.588576835154936,1,1,5.158464851733392,255,7.405315851801487,8,3,9,159.1899060290626
2521.060734045158,242.1869408704609,1,3,4.111217068484964,21.529073577258885,9.118314527976361,0,1,9.086788182014528,837,11.723838432917036,1,4,8,126.26950687441338
2760.446601051186,257.3940478812828,1,2,3.268188926300852,11.997156204124686,8.408769840956687,2,0,8.348669106052157,702,13.260646845482855,7,4,3,161.5767761332703
3434.8006145488434,323.60103166442957,1,1,2.183282878596561,29.301757159877365,23.728863705729353,2,1,4.7346871003483475,308,11.73092130911217,4,1,13,137.2145951533519
2194.010940413227,193.45651191970688,2,1,2.5765438358415103,24.69522046786981,24.216548266918604,1,1,3.2543852382136973,345,13.243504472493495,5,0,6,101.53201104184087
1671.982476941364,153.18191247361344,5,2,7.859923105551292,15.67443121548355,5.392370661633452,2,0,3.712930855996679,127,8.969921622074741,6,0,13,151.6121513829284
2947.0027258755,274.7010573184788,3,3,5.6213447431610195,3.6966796251649816,1.5288438471401005,2,1,8.099457536932082,937,6.563169707088608,5,0,12,205.09890996933538
1531.2470784076004,136.98802819206452,3,3,6.324044182330205,25.782473798417673,18.280192951914714,1,1,4.397688166284527,287,12.379509473975922,1,4,13,127.71603545177582
1985.2228359052174,185.46544813261514,3,1,4.265095653671456,23.99343286272065,11.031758412891623,0,1,5.598896443537757,766,8.604745051415538,9,3,2,131.64507521585705
1011.8322296241181,99.29891691237631,3,1,3.020779228932681,5.53755388611099,3.1321658821015452,1,0,6.511894162044974,725,11.712708252291325,2,1,16,114.33761537004871
868.4470072217352,71.28092383084909,2,3,4.82057679154354,8.858348676609303,17.41009853384902,0,1,8.07827717915114,762,7.706439419817657,9,2,6,110.01189992512955
3399.150719630398,309.8357375246447,4,2,6.028314225906085,23.80221774443512,14.082532678256793,0,0,3.7926185628138778,596,5.8122963480667265,2,3,19,155.65280714247575
3057.1463253829556,284.9329599818975,5,1,6.066575605712143,5.55685339642229,24.532403728026544,2,0,5.84456483694223,487,14.925817954877633,9,2,13,154.01317605960202
2679.1303564529844,251.1933087616825,1,1,2.1507102577583836,27.53257467514132,6.457827900673094,1,0,6.395510363998868,383,6.562015079305993,6,3,17,122.67595203331179
1904.1729499185287,180.58806892197956,4,3,7.378831436469988,12.735822755890856,10.695469031837158,2,1,6.785789447800777,406,14.884209939634811,9,0,9,167.070668516134
1267.8946641912835,118.34186169780907,3,2,4.996242317864611,2.6111688776297592,14.02109928149015,2,1,8.728524489766517,388,14.772799325664472,6,4,17,157.14206909993683
1222.3800152119325,115.86666543826757,4,3,7.1773087840089715,24.472459305128428,20.00079972288044,0,1,4.201747365302518,525,12.938181039080396,6,2,2,112.64309651859477
1475.6558250444073,141.60582968932886,5,2,6.977522706613809,11.205290491151628,14.17212776128141,2,1,8.654820162786356,557,11.594229620819975,2,3,19,156.1872113573334
2282.9119947065255,210.01023379938457,1,2,2.491333171622613,15.794975824613429,15.70960386068678,1,0,7.850148993876566,639,10.778070502510847,8,4,19,119.42393985077939
2729.408991290168,250.5191648608245,1,2,3.016200720684837,3.3691303323365753,6.427529238158578,2,0,6.891095699392715,938,13.661015453778347,3,2,7,159.75520358843656
2582.5329171378744,239.07477484743418,5,1,6.3745449221265345,0.07752044534947156,21.326049474125437,2,0,7.896695092818003,626,7.894395216194879,7,1,10,178.05746329215663
1555.8215217540455,145.5332590823379,5,3,8.554394191237682,19.13955617379893,11.287133127291419,0,0,5.884124172661595,945,9.67681212484877,5,3,10,157.45503485345546
3378.136257790624,310.5374911327424,3,3,6.268657828772102,15.455255110011949,4.3830310605224625,1,1,3.968783101776872,276,11.193899693665019,3,1,9,192.65568593623684
2792.321675078575,257.4378970324335,1,2,3.6671751629746496,17.806157073694415,16.940509948130018,2,1,7.6603566818575715,500,9.11190475869491,1,0,17,154.67737138902535
2296.7559417807815,215.3571358439711,4,1,5.20943237370449,23.81231551141549,6.18617087644738,0,0,6.672706146799356,717,9.27486454090268,8,1,15,141.75966931944467
2451.646014832751,228.54666868311114,2,1,3.4319399108344184,19.398177402685803,3.3415002457431937,2,0,7.475623603799429,337,8.302846675020845,3,1,2,148.99659921405424
1932.9201685550327,178.64159804468375,2,3,5.468695574639893,5.243203284821315,21.687685801702536,1,0,5.36599146719943,950,10.64231816684536,2,3,4,129.80755473942602
1468.8736716531253,127.75301754626209,5,1,5.888324729558132,10.823175573317995,12.043894347722553,2,1,9.348066041378852,932,13.50574528015116,1,0,19,158.382776255034
1761.1262323584062,163.59108702605323,3,1,4.363001716283835,27.17673314363281,18.982809104698635,2,1,7.111589080029039,481,7.015283780063129,4,1,17,127.69692597425319
2846.184498253797,259.56052005023247,2,2,3.529677551179543,23.098341007550367,7.974101435352522,0,1,3.597817390036117,897,14.344330387534415,8,4,5,148.62719420225167
838.8624193003409,82.84573227903117,1,1,2.174906171274432,16.699111738101518,19.88728323802399,2,1,6.1486279349310005,911,11.890876537482296,3,2,7,86.47652364536218
1113.3961293686739,101.89089465195727,5,2,7.288512913334227,7.669349934278169,3.6864622485167278,0,1,8.29449238320544,973,13.232732126800302,1,1,18,155.8601166458536
924.2071334587324,80.87768241720363,4,3,7.525547560349665,9.061815055043851,9.543360971076465,1,0,8.558941932125906,273,10.561906926300116,4,0,7,121.64381440970593
909.9677662612194,84.22828911626704,5,1,6.410379651990653,21.958742027569038,24.473483631364687,2,0,6.462179369346311,920,12.795167014240635,9,1,17,112.17886795729497
3109.7435768297196,295.24867621294186,4,3,7.532057091667356,25.535227825583124,20.055753192832146,1,1,9.263232995819108,58,5.162003973394672,1,2,7,202.5129453757866
2699.876220326064,253.97258011401442,5,3,7.950309834936789,20.142740085918433,12.934142327552516,1,1,4.873679060360082,328,13.183804247795353,2,0,4,175.1092529319051
2080.269338535778,194.35660730300341,5,1,5.8273034226649765,24.285899273053253,9.154659317485242,2,0,5.874190880667866,731,5.401388590853665,9,3,8,155.4914624479025
1064.152233757704,92.22926722085641,5,1,5.862550621057192,22.99968405601218,21.931256800539437,0,1,9.29017837398279,109,13.899133763628624,2,0,13,129.46960133920703
2127.3628628154474,205.74001045438666,4,3,7.1331418652243155,4.491119038708732,14.076346218028377,1,1,9.273797015301053,279,14.919627472386432,3,3,4,187.11000981704063
2078.373781107527,189.97278839470974,4,1,4.095626492178874,12.71834438739906,19.202200428858667,1,1,7.799989381772766,686,7.940674621767778,7,0,6,146.84292805475513
1267.645048757041,122.43314459389082,5,2,7.665878485197277,4.58951402485688,19.098584327587936,2,1,9.01286382985554,328,7.103185562857936,3,2,5,141.09012147344893
1971.3994529425272,181.51619478660368,2,2,4.0219366799144876,7.057067544059544,1.430696285643804,2,1,3.6214128686936284,776,12.653633638580407,9,2,12,155.04171122163183
1875.9627828729083,178.4644818913094,3,1,3.7924992088324405,26.077788739531577,4.030090787022723,2,1,9.054964833454434,315,7.530263409202532,6,0,4,157.21799028322837
2462.7952647409847,235.32805057381384,3,3,4.73514189469727,14.186758968995465,16.831104793473813,2,0,5.2443393458515875,474,13.655623831722036,3,1,9,149.24686342200502
2514.752857342638,236.86122679666872,3,1,3.9815932469108586,16.060743055279826,4.8788754708609146,2,0,4.248320586997514,111,6.028425921574767,9,2,4,150.66066411881076
922.3208263845202,89.46287956992161,4,1,4.900761742462122,5.353378956833163,7.131840271734513,2,0,4.6755888543943245,699,6.259551963793583,1,3,19,124.99933297843984
1811.4540594914724,167.79188719597963,4,3,6.551476784677373,9.368153581463881,23.71931090079057,0,0,5.9257795560972095,781,14.791515551006157,3,3,14,132.81053622072864
2489.821772428438,229.13461194823782,2,3,4.663476577436494,6.907385052836098,14.444374200997885,1,1,4.758344032231271,935,11.738388982700046,1,4,5,157.2921125217086
2158.467898166237,201.21316118857243,3,2,4.986681677777418,6.185584935552793,19.01750816798433,0,1,5.243973102115493,229,13.468872244289528,2,3,18,138.03832921513575
3112.5225712084703,287.4537743364208,3,3,5.705881770206158,19.138823799479102,14.391537730783357,0,0,3.944849402501495,497,8.24329377351518,8,4,10,157.8825859909243
2578.4728053711515,251.87614217304244,5,2,7.285939033089178,7.706515429371445,14.260326754785405,2,1,5.07323735891299,156,11.764837495206045,7,0,19,178.43563560439068
1239.9229531198603,110.22705091238244,4,3,6.625608205677992,18.960464580612555,3.2596458430167496,1,0,7.005986701794008,473,10.942418273085972,2,0,12,148.7604306437347
990.5356179811606,97.03118499340187,3,1,4.077304214760389,1.7536384232566171,9.247916622618472,0,0,6.0929759566374475,701,11.03150120122947,2,0,18,106.04845647685889
2534.532051157052,238.04401172518521,2,2,4.590022684405585,4.253231805813056,7.778341568476281,2,0,5.427031328651378,272,11.825324595377216,9,1,17,156.7682350169989
871.5805384623789,82.11919306377469,2,2,3.9817020687187243,8.23620762000376,10.377480774726717,2,0,8.225164901999797,887,10.753591731290985,6,1,11,104.90401877094706
2381.5940694383507,228.64951955039197,3,2,5.1779885619798725,17.91140750687075,20.16026051738388,1,0,9.254569799753225,2,9.29062369302666,5,4,3,142.19626100526523
3338.6216518473857,311.649838719628,4,1,5.146325693700299,20.27523735262128,9.926384030004757,0,1,8.297524560316779,758,7.759226943805468,6,3,17,188.8487452338585
2353.780280264873,215.4916534378946,2,1,3.0039984498086327,13.281509003385812,11.840723661560386,0,1,5.324004914823754,722,12.685813309132019,9,3,1,127.69701992186317
1848.058800757609,173.14331447664892,5,1,5.966496429028245,13.37372743731687,10.537153371647596,0,1,8.211095174862876,511,7.262724300031862,7,0,15,154.94250396809264
2536.8781897943536,234.76009248736932,2,1,2.714312889275044,21.735505541958542,3.2417913274070944,2,0,4.063861277318359,913,11.923543061544141,9,2,9,123.61507981366447
2037.282804327095,191.77999586607035,1,1,2.0755061452789096,0.4746327529674732,11.58573179801881,1,0,3.9122259166390365,286,7.333328226493267,4,1,15,106.58396045573228
2273.1653311530245,215.24242742226346,1,2,2.8583662455802665,10.232700734226617,5.694622553068361,1,0,5.419389259253112,871,11.25330169954454,2,1,3,127.28560717687839
3341.954983696618,306.1721782735955,4,1,5.773045084117354,24.56121171357698,5.481359098552995,0,1,8.6539165833084,13,12.470782671290289,8,0,19,189.4663959734617
1842.4771220620905,177.14280522958228,3,2,5.405571629554956,18.096582306401167,3.2568665064223925,2,0,4.724437730696113,608,7.187138889065392,4,1,13,145.94598238187484
3395.2145223245684,314.14092989961006,4,1,4.273602052055827,10.116813982662611,9.560103379402353,0,1,3.442773862290757,498,5.599433008613083,9,0,12,176.22970907085076
3244.446733281372,303.6271711352503,4,3,6.3014210008909615,27.165743769890216,19.17956523494602,1,1,3.9219667464444856,733,6.309737429941741,4,4,1,168.2179713413884
1328.6360639311004,126.5154411908027,4,2,5.9347700654803175,23.178681823481476,7.634600574001506,2,1,9.01121477970706,238,11.059969672710254,8,3,17,150.46587035006618
987.2755123629468,93.5548385516709,4,3,6.802347261280127,7.946863417102002,8.496378445252326,0,1,7.436482993231014,94,13.494464062257356,9,2,13,148.55061693823686
1072.1006037190518,99.05260349723706,5,2,6.908403040889038,19.358695125771508,16.424191784138166,0,0,4.7724081435898364,338,5.449968212354244,9,3,1,115.43392059495869
849.1989292591843,76.4475926182149,5,3,8.325580730326157,17.8725218456687,5.700179502086053,2,0,6.88707077729727,781,12.341512590416462,4,3,10,141.4431444675909
1054.9959940410067,96.66415530989282,2,1,3.1578679494386783,12.035637421169481,22.526990330164825,1,0,6.6930573569774525,171,8.41318645950052,1,4,15,100.75026077710507
2644.1182882241637,253.46444863866918,1,1,2.1528146152290772,11.00868237614402,13.484572558037307,2,1,7.5880518490846285,981,9.785283699195226,3,1,7,166.78108482311004
992.2093508426183,87.84691650763394,4,1,5.723097332747697,10.306814243271118,11.742470567685206,0,0,4.632312880951314,606,14.288595498455656,9,2,18,97.49186100919223
1661.2342017931555,150.7324406567693,2,2,3.3055542229134605,18.514673501869403,14.387684606300834,0,0,9.050820910360784,661,8.319715047358454,4,1,16,124.34084005909963
3081.1633396175275,282.4243301347497,1,3,4.051969417074449,13.272298094420085,4.984823521988691,0,1,5.16557993456009,624,9.65336933939486,5,3,14,190.62700288201307
862.8342264867298,80.83606904020552,3,1,3.710473726026373,24.95589339754266,15.723355327340231,0,0,7.858921577833658,567,5.136824147606811,7,0,18,96.04329163249116
2999.0649029901265,270.9896022378437,5,3,8.717717892919676,20.088078484018858,9.71441767921625,1,1,3.1128725246055042,849,5.815987200048384,5,3,7,186.53744078081493
1561.0078918881798,138.24983387573994,1,3,2.8953241970883283,2.097948171283024,22.532472183150855,1,1,5.608599909259031,936,7.58591591134784,4,1,17,118.31718480041015
1119.0450345784718,102.65450954754374,3,1,2.9172592071434993,19.205046714844983,5.052500960264467,0,0,5.4619687257116585,467,5.278522408210744,2,3,18,112.61795967178286
2681.1903464832067,242.6437059617987,1,1,2.1523181481740252,8.134423095005545,13.169226492770585,1,0,6.804391000081101,628,11.31375326048251,2,0,12,142.61184165589503
2498.1456863056865,226.04637771138425,5,3,8.563148279662073,17.78435974960268,15.354703104856432,1,0,3.5091538324403757,143,9.263983568016226,4,4,8,148.70514506098075
3169.174436523043,288.01496310617597,5,1,6.386627160658525,20.40395793310354,1.8012064428731493,1,1,8.530919616082759,201,10.48145202728022,9,1,2,203.2468240370142
2784.6918182704917,254.46481137166202,2,1,2.599509603341146,6.924875674620362,9.728634994147367,0,1,4.52446561237298,180,6.746471858963296,8,3,7,131.89790954761492
2969.398512039091,279.5133543017836,4,1,5.75321086100079,13.70575934641106,18.583245632819988,2,1,7.739264704174071,714,7.959320294366162,3,1,4,174.625449547938
1561.4933459425274,149.84127161866618,1,2,2.384265625702896,5.709745884572034,20.68906017877536,2,1,8.622484862708653,364,11.638244748527251,9,4,18,120.0015343292961
1279.0867682052517,128.4221652323609,1,3,4.6537420947716726,1.5701662735952493,8.515887875614776,2,1,6.933138693690592,479,14.653027236303998,5,3,6,140.4858573317516
2826.6598294303176,272.0085074466439,3,3,5.450385874820928,11.354292704576071,20.16623853718603,0,0,8.186182447053898,565,5.504167736022092,3,3,9,144.09736626288017
2978.453796021613,280.6299211998101,5,2,6.824087913831389,10.88832815537976,24.22614105048133,1,0,7.633022185505038,471,13.903843208552662,5,1,9,165.7463396351152
3474.363883401818,327.906793142034,1,3,4.319634768928458,29.864414721127712,21.56497446580226,1,1,5.488708580064053,384,10.768812013112084,4,1,14,161.24740010987594
1914.0677276608515,178.4724023531227,5,1,5.2668960845519175,13.390570535929264,3.8234557158238047,0,0,8.662009773234956,692,10.639195667556237,8,0,8,153.14362517271897
1804.4488316405145,170.23262071946513,1,3,4.734511698770383,10.007086484166013,18.753527970052975,0,0,5.062909589198696,926,10.002785352077604,5,4,19,93.55268653311929
2896.3149940033913,278.7856781838309,2,1,2.8210280842993427,17.414250201500238,8.672003978573073,2,1,6.99849042426062,417,5.693940859041834,8,0,3,168.35008147286072
1720.1695586831481,161.6598163419486,4,2,6.068638067839145,2.663021823233054,24.721983745889837,2,1,8.217784173990776,825,5.8987685173616065,9,3,18,145.96746813762564
3313.0447791296247,313.54805287386836,1,1,2.581100394520376,28.849972078644395,12.648615595837292,0,1,5.652691368687553,308,11.009120056590861,4,1,5,142.69378534139318
3117.7144299761317,284.96391250189004,5,3,7.603437327416425,19.048801367730995,3.9384135606145847,2,1,5.119373253321975,649,8.409585714355583,7,3,14,201.21152686106547
1958.2838739125496,178.59337826518473,2,3,5.530406843127695,22.645134598225432,18.40445315265738,1,0,6.215422071209759,694,14.172680665776806,2,3,4,138.99062593498167
2827.351883037043,264.22133792311615,1,3,4.820266785446185,5.114338145217526,8.752268761269132,0,1,8.725744460444076,367,9.065905373594722,6,2,7,157.33655698429845
2837.265760028642,264.3316474569778,3,2,4.67221050133521,12.284335590156116,24.92987576995988,0,0,9.509452342019653,1,6.432814587026411,8,2,12,172.06994720289927
1078.434445857018,97.08688908309249,4,2,6.684693836298147,12.680673401885686,24.514778988508525,1,0,6.815583890019231,44,12.14718833502036,7,3,2,107.52444908331927
3236.89284803483,312.74423350209173,1,3,3.1197107028791984,24.654193317032604,16.747216432493936,1,1,7.630263437265563,739,7.933534214410098,7,1,11,163.8569277449035
2164.1814056092144,201.91542310067035,2,1,3.1948001973972833,0.037100392782283276,4.115834774841222,1,0,9.3229153556724,843,10.254703073558932,8,3,14,149.51735794021107
3031.4351584909023,279.4067009628815,3,2,4.385700742148096,9.025593250597652,17.484663944200697,2,1,3.6898279598905965,98,11.9783278550517,7,2,16,162.42790100476105
1664.1339227826518,155.35613556331148,2,3,5.471284274268094,29.437091230329116,3.232731675040653,0,0,4.624550045063155,720,14.002641112020704,5,1,6,114.60053535208135
3217.912716939741,299.0712249167601,2,3,5.430228024211102,14.246596305186559,1.7047398184574156,2,1,7.962300043761077,265,12.92191194801676,7,3,4,203.97579581638365
1850.8445325822404,172.88246981634558,3,2,6.038689997795622,11.475788407320248,20.751002709315664,1,0,8.766211233386098,800,11.763610678727241,3,4,15,121.64425201085893
829.2616589968055,69.06982304404806,2,2,4.71064149147625,3.5948700605293906,6.034070744408353,2,1,8.999203198314046,783,11.796331823951435,5,4,1,139.6036995002489
3244.531336332012,307.8766946280782,3,2,4.917114401199273,29.224938858840467,10.096651029258338,1,1,5.905750237984528,140,14.459246440320864,7,3,7,155.62614157730917
1046.4740273225607,103.96158424046163,1,1,1.4591262563505798,0.600790677774734,24.362977359428157,2,0,3.625379316043068,481,7.95824097496536,9,1,12,83.69025063012617
1662.14682149412,161.7650435769862,3,1,4.282843539834695,22.115406750217293,9.084172044666477,2,0,6.064470341097339,237,5.011120941961874,2,3,10,134.58151257939414
3365.1673110371735,314.2512019880349,3,3,5.969634294807253,23.057994143655254,8.115754750799567,1,0,4.615142131449376,974,7.719545593981987,4,3,5,163.51055353903138
3366.6392967314014,316.0731959671698,4,2,6.775577522297852,7.309701481915999,23.036991990946603,2,0,5.038375184976369,953,7.17891379626744,7,2,12,177.41180765687017
2348.2822979328726,213.8242907379276,3,1,2.916809578292111,20.14675330839112,3.6579626876549947,0,1,8.40587289786254,904,11.618345851139981,1,4,18,159.87282754752243
2505.960472858458,236.96822457153772,3,2,6.094028379644314,2.7878743313816976,19.22997784275116,2,1,3.528689602181208,72,11.33711599765529,2,2,10,167.55258169387554
2010.8029093414634,188.06252881229165,1,3,4.2659953038059015,7.711417992962396,24.713573599666574,2,0,8.793068522364916,667,10.934613827047238,9,2,6,122.29562992606152
1591.6690835847744,145.56402478682932,4,1,4.5934939391398135,23.63705964876795,22.63110425859157,0,0,5.993683600769184,190,5.162434432094537,7,3,12,129.32481018701492
1687.3942724987733,161.08265137334024,5,1,6.366994613709283,25.940585761006208,16.640030048954223,1,0,7.172447517704166,268,12.287780544506475,7,2,7,112.63761319173176
2615.7998314080037,247.525049518259,1,1,2.6487107106448518,18.25459237979374,8.537459079825567,0,1,3.627565618649753,321,8.235304124854915,6,4,18,128.2694151503728
2831.411229481736,263.3411473972279,1,3,4.057173445651844,15.205152954614478,7.103727548279601,2,0,5.361513548500957,107,11.650559890066312,3,2,2,143.15421416232005
2937.263418059791,275.0636844383966,5,2,6.117539807927579,4.779120618569409,20.66212251691507,1,1,3.6279064331039206,232,10.565784285021532,3,4,10,188.93963083602185
2931.9689855452957,267.22133369749014,3,1,3.853076481826447,1.893270992374505,22.115725934840686,2,1,9.730806060167767,42,8.427309254279072,2,2,15,172.91252825061292
1046.256478231464,103.41314401377478,2,3,5.519697526521069,3.5294708542067585,13.610437901096628,2,0,8.650831545283754,702,6.3457626710410775,6,4,12,126.63816506426426
2134.93482269697,193.841379088374,4,2,6.2483323671136874,6.820719002882964,6.8641585788751875,0,1,6.217429280495222,883,5.94418897660481,4,2,17,167.92421339749993
955.4086520449396,85.230335534579,2,3,4.921746484582314,10.250235056907625,3.7106370018681654,0,1,4.565217838265697,139,13.315183331122235,5,2,4,121.96454639460667
2283.7279822740857,212.46990778041524,5,2,7.654157915445718,11.427285765329616,3.092307227963948,1,1,9.534185736748967,615,14.18397542081558,3,1,7,188.5212527596668
1992.132353708118,190.64167708057647,1,3,4.369652920416148,10.389653057670106,18.257858736492533,1,0,5.412176170088802,683,11.497880467642997,6,4,9,109.8824023353109
3196.8012934474095,302.55258332734263,1,2,3.408169577969172,7.171659965917968,11.0828494683454,1,0,4.126891021811623,863,6.034341148604834,3,4,19,151.76356327531408
1747.4705338906124,162.31588948891223,4,1,4.794682654009599,15.291727402550944,22.72863698266889,2,1,6.942150719177684,273,9.020272168882407,8,4,7,140.62365648583602
1116.0809443545359,107.54898654180543,1,2,2.7463081591269507,24.758583246986905,18.752111217442327,0,1,9.606418842413714,481,12.289392001051572,9,0,2,107.40247294289412
1186.077541542657,101.74131136266834,1,3,3.1500201396584893,8.391106154144376,5.590250029950081,0,1,3.026812033502258,416,12.798208840100681,4,2,6,129.1303363285131
2856.078705637175,261.7331118030458,4,3,6.870304122031372,28.271610573066994,15.730658051576777,0,1,4.666873902777992,506,6.182186222910886,9,4,18,144.9998431655258
2469.188770953905,225.89288462429977,4,2,6.467696026899064,26.200099851715436,11.452130905555824,1,1,9.569133482872854,733,5.000307188453824,7,0,6,172.05277513111986
1073.0312255315337,105.94566540067856,5,1,5.897953351492206,4.852926340563288,14.853993538446714,0,1,4.197601768000134,725,12.12137045880605,3,1,13,134.70123321244245
1027.0883765104932,98.68978099236485,1,1,2.2227694232645026,23.588278702712834,18.713658960124413,0,0,3.792704161478739,853,8.565961759862056,7,4,19,65.80861239818191
2692.616654939624,251.06735112341406,1,2,3.55559967832664,17.237621469533,20.34870114409098,0,1,6.991310510598631,424,7.544813316182602,1,4,2,116.54671616806469
996.4601171833225,93.97982020547752,5,2,7.186416495899316,16.997260865142557,21.249695833761383,1,1,9.03290676306381,407,5.128974697895254,3,0,12,124.6836411868902
3019.022160083962,288.3088550519507,3,3,6.235257380880401,11.731282891745233,7.095396989728593,0,1,6.339768723857483,568,10.402994067614998,6,2,15,184.7433011375431
2706.8540133225397,250.61583950513116,3,1,3.3210887689812227,15.034589975460293,1.7467743980165844,1,1,9.961949796791673,390,13.511507354259818,4,1,14,185.28135381715524
1019.6417077331294,88.1543781057375,3,2,4.838717607949011,11.915363322876331,18.743073643954556,0,0,7.75420189676595,342,14.57631646272588,7,4,6,111.68443593617062
1029.0618280300182,101.03581974596521,5,1,6.863313253248298,16.191978562798283,3.5522494301385903,0,1,3.5185243504731343,946,10.657449506132892,3,2,18,123.67535860621894
3463.9268619531736,322.7080006614751,1,2,3.051898590548047,18.838501583179074,8.558070126711224,0,1,9.949824921773828,614,10.144613277398943,1,1,5,178.83777724986217
1810.531148541525,172.96670209033655,5,2,7.948369090998288,20.229114192271453,1.0916112189843314,1,0,5.855259657461334,933,5.850563854892411,9,3,18,150.83766066383458
1800.7337970806054,167.0643457118557,5,1,5.638442184680526,15.974435776782785,17.36006757763888,1,1,5.011817736918378,493,10.488728015425998,6,3,3,144.31416310536176
2994.558831595257,274.00106783667985,3,2,5.11697372606727,21.64266201986195,5.01116827530931,0,0,6.9051542850451995,192,8.799790789653947,8,1,3,165.17039828154319
3357.5711589364187,313.9324692706082,2,2,3.808660781224066,4.238341478265174,16.726777832599797,2,0,5.13015314274605,499,11.071352808835769,3,0,10,158.57155410209305
3462.2028723217513,321.6895221923979,1,3,4.295992342562276,6.359474727067155,24.80182281202813,1,0,3.6052025498410663,822,8.887263478765467,8,1,19,157.89422376570118
2834.1211001991423,264.21456162287234,3,2,5.447504334030061,24.562050122228104,2.744100918640391,1,1,3.009998401554237,712,7.402991234503667,2,1,3,151.66398894485963
1815.9008809334725,176.78004430930667,2,2,4.301233047850451,9.675839335392455,2.8498722868350566,0,1,6.147083470441836,233,5.949652752283765,4,0,12,142.44803815867982
1025.4519350864057,89.77097238260359,2,2,4.5209260718740145,0.6868147492836074,9.169122224000198,2,1,8.858043955586146,945,8.149184445888958,3,0,16,132.12083168588205
2898.2966730040794,270.68135422445886,4,3,6.993413505738837,4.613734490040933,21.793276342032208,0,1,7.006206299410536,227,5.966448342877523,1,2,17,189.69085315472466
2307.691474286674,210.2895545104386,1,1,1.9047358161681611,6.708433034889337,6.172716850991964,1,1,9.994451092604086,371,6.76896950823984,7,2,7,160.7013474573074
1945.399424966836,167.77487671381874,2,3,4.120903496362014,28.719686636837615,9.649067678328342,1,0,5.0079265195304,139,14.87336158579546,2,0,13,121.52555764738617
3247.156839755787,301.4160444682015,3,3,6.3192254675822825,17.191242867925478,2.6441297590475097,0,0,4.963185453320387,856,9.441035569066187,4,3,2,174.06217789447308
1100.2332022266087,102.36677917185098,4,1,5.086092046120078,27.981922214287643,19.315726990213346,0,1,4.11824622163761,817,10.318717665050166,9,3,4,115.58079421702244
2130.08778158532,201.00276542403003,1,3,3.9660426312187336,17.254900514898747,10.799352226226826,2,0,4.148445117857346,149,13.736185287372153,6,1,10,122.54065191044323
830.6548408720315,76.08013097409201,5,1,5.904591297272828,14.380633204135552,19.22196959346023,2,1,4.996306172070335,115,14.955689004906878,8,4,7,107.38302404594727
2065.383733384141,184.42914705576683,3,3,5.981560219328105,9.411830735822882,22.68658826432308,1,1,8.54988031691469,450,10.827144493446816,2,1,17,154.68246789995897
952.0188443409609,84.33039275300095,2,1,2.8818819342510413,18.191128333001267,6.58631553043093,2,1,9.340297534455136,63,13.124738210441716,7,1,6,129.33134384813425
1120.808373923794,110.70789212095399,2,2,3.7359830807183476,4.175940738525895,20.377504728158833,2,1,9.82561018795377,104,8.269410243366753,6,4,19,134.2843404560215
1117.3208662981833,99.61596883264806,3,3,6.119794440362084,26.94784881878118,2.4182533618780786,1,0,4.626027578675169,851,8.05743957447291,9,0,5,127.81628203681143
2552.867815713372,245.07754772823475,2,3,5.242079559466476,24.879972154238512,22.572337316325935,1,0,9.16908281929864,871,9.027037209945602,7,3,10,154.96779819989024
2814.3211740166425,266.700358529003,4,3,6.61471604280691,9.52594343630211,16.618445141409936,1,1,5.297785624941359,668,11.725072626736491,1,1,9,162.8011804143889
2375.095665762331,219.0574843276402,1,3,3.7996322154063047,28.58392582803883,21.981441379320437,1,0,3.789883811618191,273,11.821916892550988,8,4,13,101.45492495254624
3397.8658808812634,312.0163445183559,4,2,5.897689124367566,24.756023022467044,1.0045215893579655,0,1,9.09017447864116,6,8.152394346494507,3,2,19,207.93135971106148
1812.1505647140011,173.5883523075836,2,3,5.002406653688393,19.989206575051192,5.05794568854382,1,0,7.45273944250533,147,6.332099241366286,2,1,6,131.75284031787234
1571.422632961024,144.78060637661102,5,2,6.935907265207116,3.6528573337582437,10.35422529823581,1,1,4.153116272567432,184,11.323962564655085,3,3,4,142.84071183089094
3145.2176461115428,284.46246862526255,1,2,3.329860599828197,14.347020691442168,10.108069680993246,1,1,6.008818802591017,998,6.283258621887645,6,0,3,177.28046001593086
1403.708764002522,133.21612727895058,1,2,2.173816492148095,15.183226645402526,6.441529190164256,2,1,5.010803864139474,28,10.7849250822933,3,1,3,111.84414528826882
3400.7008564896505,318.0114268071794,3,2,4.262481400829942,6.976540750961403,10.158686556812803,1,0,8.15756198097138,962,11.93422128056309,5,1,4,182.00133681461415
832.8170816625042,83.05723790002052,3,1,4.096784699626789,2.3989618307790583,4.092369088006116,0,0,6.1739136143698765,550,12.006114963944515,6,4,5,112.75690445382413
3418.672832110625,319.3426810998785,5,1,5.698657076086105,23.30170891415078,10.906267102384625,0,1,9.924959615744694,119,12.534721106595967,8,2,8,206.97641780576902
916.5317622665555,82.40006582933441,1,3,4.442121152886905,3.661051563731851,20.25650389982234,1,0,3.383214875817166,293,13.728594215656646,7,2,16,72.97418375620288
3206.086406984792,304.1938214068979,5,1,6.584900476294275,17.82872251685324,12.49768151448043,0,1,5.485106862953726,371,9.999589919647885,8,0,3,182.01970289972786
2224.7929945330097,213.5182213555108,3,1,4.1168735882114555,28.093475216509816,1.4320021346851597,2,1,6.373301169769842,244,12.302491895295713,3,3,12,151.85157173667704
3481.004949522111,324.55138963053014,3,3,5.46401254186291,26.283155777941275,11.114656997901939,1,1,6.521934883238238,580,11.191727353658367,4,0,8,192.13265180205417
999.250724785577,93.13200190524495,1,3,4.52729675811353,8.332578712477833,1.6522003861802599,0,1,5.211550756699458,726,6.866399397976826,6,1,13,113.21252876186769
2295.406567883566,206.62691504085774,4,3,7.099451331075164,25.54345912653796,24.189841856963156,0,0,8.104681743682976,218,5.256896448694082,7,1,4,152.4781196859995
3417.116846171567,314.4125232976062,2,1,2.2565320137364413,0.009975183614682193,4.058895026148855,1,1,9.123229514422823,177,7.845413856769338,9,2,14,187.71418792696164
2212.3641792594017,209.33248046299516,3,1,3.300740175967408,0.5306342883977166,17.98451983193485,0,1,9.571035113845042,299,9.430337063376193,1,3,14,132.47963123338013
2499.3763229652086,229.40565890165436,3,3,6.758473394854322,18.07659491528595,24.346631749410058,1,1,8.635653637596683,676,11.171059444286563,8,4,13,150.82631943205482
2678.5214602584665,241.55045431104492,4,2,6.675567956630615,10.943946574335884,20.824937239997723,0,1,8.954061381146197,58,13.499593305032054,8,3,6,165.27292179018386
2027.2608748729876,205.81192422370103,4,3,5.7414284289518775,11.593825234774414,17.783569003028887,2,1,6.853817104339969,269,6.962457167061657,6,1,17,172.76460874912118
2494.4068162269714,224.41336343535218,5,2,6.321104552371062,16.933232720366476,21.147061828018405,0,0,8.781217584987703,308,6.255497898984771,4,4,4,146.7934139623127
2377.648642192371,232.16731584184186,5,2,7.570427747810828,5.753473667755817,24.563168638255064,0,0,5.124527364035666,570,14.634799474743275,3,3,8,134.55308993021967
3233.12662832567,298.8203465484634,2,3,4.990753705803476,6.352660519964351,15.91226793408471,1,1,5.7893513347645005,288,6.080445593764071,3,3,17,182.60979116122328
922.7052269219363,85.29650058532884,2,3,5.350924642746047,14.53804761056594,14.420435363903835,0,0,5.21839109672981,977,9.784910701071892,6,4,3,87.14745677757261
1558.6006118990217,141.43260548448112,1,3,3.9690236269509516,22.627606330315892,16.077714651118754,1,1,6.271711348135478,105,10.855637287933018,8,1,17,116.74122106424801
3366.1110070067084,316.6258983746127,5,1,6.327246245035602,18.58493254222763,13.784221282277318,2,1,4.999057313670455,228,10.413744209074382,7,3,9,188.04720583858042
3203.712216505474,290.4259938478081,3,2,5.002916773332717,8.920651447105167,16.24213854183325,1,0,9.731280095781127,247,5.8603215703294325,1,4,2,178.07639001697146
2030.273232521425,179.41073812006948,5,1,5.781195871621517,12.910115325267636,11.796212991341422,1,0,5.189912396039677,700,5.570269140036194,6,1,13,140.71726906585033
2474.358014064149,237.91871715345246,3,1,4.529371914957404,5.1199427564999525,6.242636389199371,0,1,3.686311766776579,494,6.054834274610357,7,4,2,145.45079551324775
1548.9291940490582,139.8756601331226,4,3,7.1010273080128234,2.2388944301124516,3.885933436280215,2,0,6.687720162352894,83,10.855876838726125,7,4,11,165.682978533711
1307.9271312541555,125.23687109120945,5,1,6.326194358121783,23.480881222324477,2.6401824527742495,1,1,3.3996935491162343,186,10.443448876343211,9,3,15,131.82063254885293
2051.9856933379515,185.2021905266146,4,3,7.0787239624803835,7.961622275645838,7.319578810076802,0,1,3.7738021641600636,252,7.3374079203674425,5,1,11,148.9769895950605
1754.0510156703426,166.49344457024773,2,2,3.7568215532250937,5.3329916355374465,2.106965544057612,0,1,4.535725724373724,355,11.377741418455916,1,3,3,150.0859979970554
2375.8715019973547,229.1361950294465,2,3,5.804194655678597,20.74854166707958,14.612098718065255,1,1,6.250451749174992,750,13.200675020556494,2,0,3,153.1441165532742
1009.8835198054591,91.18257206285156,1,1,2.1774841273788326,18.54155022861558,7.811882728564487,0,0,6.032756526163196,872,5.415789598465937,4,0,12,102.84034235116363
3430.8659806986493,309.06024407297457,5,1,5.822475677813924,18.99568878040392,20.78883539408877,1,1,8.597843034019538,696,9.981299435480423,5,1,5,194.39247296615196
3462.7690100949276,330.1352106043683,4,3,7.639164735159358,6.866838145398408,2.7817809517212746,1,0,8.176322577188794,796,11.893104121026903,9,4,7,199.18148755612287
